"ID","Description","GeneRatio","BgRatio","pvalue","p.adjust","qvalue","geneID","Count"
"DOID:3459","breast carcinoma","50/425","383/8007",1.87935749857792e-09,1.2253410890728e-06,1.09200562022633e-06,"KRT5/TFF3/AGR2/SCGB1D2/SCGB2A2/TFAP2A/FGFR2/NEK2/FOXA1/ERBB4/KRT7/S100P/LAMC2/CDH1/MUC1/SERPINB5/FUT2/ESR1/CRABP2/MMP7/CEACAM1/KRT19/TFAP2C/MKI67/TOP2A/PTK6/ADAMTS8/TRPV6/KRT18/CDX2/CCNB1/TNS4/KLK13/MAD2L1/BUB1B/S100A8/SLC2A1/BIRC5/PTTG1/SFN/CCNE1/DKK1/KPNA2/MUC16/TMPRSS3/MST1R/MAP3K7/CYP4Z1/S100A9/PLK1",50
"DOID:3908","non-small cell lung carcinoma","48/425","431/8007",6.11345515461904e-07,0.000158455741537252,0.000141213382835911,"PIGR/EPCAM/CEACAM5/EYA2/AQP5/S100A2/DSP/PROM1/MSLN/HOXB9/ERBB3/KRT7/SOX9/S100P/TACSTD2/UBE2C/TP73/CDH1/MUC1/SERPINB5/DUSP4/CCNB2/ESR1/POU5F1/MMP7/CDCP1/CEACAM1/KRT19/FOXM1/MKI67/TOP2A/ADAMTS8/KRT18/NQO1/CDX2/CCNB1/ITGB4/AZGP1/WIF1/S100A8/SLC2A1/BIRC5/RRM2/CCNE1/KPNA2/HPGD/KCNH5/S100A9",48
"DOID:3996","urinary system cancer","53/425","500/8007",7.29090835294106e-07,0.000158455741537252,0.000141213382835911,"PRSS8/EPCAM/MAL2/FGFR2/ESRP1/PRAME/S100A1/PAX8/CLDN7/MSLN/KRT7/SOX9/ST14/CRABP1/AP1M2/CDH1/MUC1/EYA1/SERPINB5/UCA1/ESR1/PROM2/BMP7/CRABP2/MMP7/AKR1C3/CDCP1/CEACAM1/SPINT2/PODXL/MKI67/TYMS/TK1/KRT18/TSGA10/CCNB1/MYBL2/WIF1/F11R/MAD2L1/SLC2A1/BIRC5/CCNE1/PAX6/HPN/EZH2/DKK1/IGF2BP3/MUC16/ANLN/MST1R/ESM1/AMBP",53
"DOID:120","female reproductive organ cancer","49/425","455/8007",1.25610303739589e-06,0.00020474479509553,0.000182465493853298,"EPCAM/KLK11/TSPAN1/ETV4/WFDC2/PAX8/PROM1/CLDN7/MSLN/KRT7/S100P/KRT10/TACSTD2/CEACAM6/LAMC2/KCNN4/CXCL10/CDH1/MUC1/SLPI/SERPINB5/ESR1/KLK7/SPA17/POU5F1/MMP7/CEACAM1/KRT19/CDK1/MKI67/TOP2A/TYMS/TK1/LCN2/CDX2/XRCC2/KLK13/S100A8/SLC2A1/BIRC5/IFI27/E2F5/SFN/CCNE1/DKK1/KPNA2/IGF2BP3/MUC16/OVGP1",49
"DOID:263","kidney cancer","46/425","437/8007",5.08829636854599e-06,0.000644350807948798,0.000574235786224954,"PRSS8/EPCAM/MAL2/FGFR2/ESRP1/PRAME/S100A1/PAX8/CLDN7/MSLN/KRT7/SOX9/ST14/CRABP1/AP1M2/CDH1/MUC1/EYA1/ESR1/PROM2/BMP7/CRABP2/MMP7/AKR1C3/CDCP1/SPINT2/PODXL/MKI67/TYMS/TK1/KRT18/CCNB1/WIF1/F11R/MAD2L1/SLC2A1/BIRC5/CCNE1/HPN/EZH2/DKK1/IGF2BP3/MUC16/ANLN/MST1R/ESM1",46
"DOID:3910","lung adenocarcinoma","25/425","178/8007",6.91787677245642e-06,0.000644350807948798,0.000574235786224954,"CEACAM5/EYA2/S100A2/MSLN/HOXB9/SOX9/S100P/TACSTD2/TP73/CDH1/MUC1/DUSP4/CCNB2/ESR1/POU5F1/CDCP1/MKI67/NQO1/CDX2/ITGB4/AZGP1/S100A8/RRM2/CCNE1/S100A9",25
"DOID:4607","biliary tract cancer","25/425","178/8007",6.91787677245642e-06,0.000644350807948798,0.000574235786224954,"TFF3/EPCAM/MSX2/PROM1/ENPP3/S100P/TACSTD2/LAMC2/CDH1/MUC1/ESR1/MMP7/PODXL/KRT19/PBK/TOP2A/LCN2/NQO1/CDX2/HOXB7/SLC2A1/BIRC5/SFN/MUC4/EZR",25
"DOID:299","adenocarcinoma","23/425","158/8007",8.85757757496064e-06,0.000721892572359292,0.000643339844918194,"KRT5/EPCAM/S100A2/MUC6/KRT13/MSLN/KRT7/S100P/CRABP1/LAMC2/CDH1/MUC1/MMP7/PODXL/KRT19/MKI67/KRT18/CDX2/S100A8/SLC2A1/IGF2BP3/MST1R/MUC4",23
"DOID:2394","ovarian cancer","35/425","312/8007",1.90363842803161e-05,0.00137908028341846,0.00122901568686953,"EPCAM/KLK11/TSPAN1/ETV4/WFDC2/PAX8/PROM1/CLDN7/MSLN/KRT7/S100P/TACSTD2/CEACAM6/CDH1/SERPINB5/ESR1/KLK7/SPA17/POU5F1/MMP7/CDK1/MKI67/TYMS/TK1/LCN2/XRCC2/KLK13/SLC2A1/BIRC5/E2F5/SFN/CCNE1/DKK1/KPNA2/MUC16",35
"DOID:4451","renal carcinoma","40/425","380/8007",2.18318839107477e-05,0.00141510666940551,0.0012611218623052,"PRSS8/EPCAM/MAL2/FGFR2/ESRP1/S100A1/PAX8/CLDN7/MSLN/KRT7/ST14/CRABP1/AP1M2/MUC1/ESR1/PROM2/BMP7/CRABP2/MMP7/AKR1C3/CDCP1/SPINT2/MKI67/TYMS/TK1/KRT18/CCNB1/WIF1/F11R/MAD2L1/SLC2A1/BIRC5/HPN/EZH2/DKK1/IGF2BP3/MUC16/ANLN/MST1R/ESM1",40
"DOID:4450","renal cell carcinoma","37/425","342/8007",2.4668324508673e-05,0.00141510666940551,0.0012611218623052,"PRSS8/EPCAM/MAL2/FGFR2/ESRP1/S100A1/PAX8/CLDN7/MSLN/KRT7/ST14/CRABP1/AP1M2/MUC1/ESR1/PROM2/CRABP2/MMP7/AKR1C3/CDCP1/SPINT2/MKI67/TYMS/TK1/KRT18/CCNB1/WIF1/MAD2L1/SLC2A1/BIRC5/HPN/EZH2/DKK1/IGF2BP3/MUC16/ANLN/MST1R",37
"DOID:2994","germ cell cancer","42/425","410/8007",2.60449080258683e-05,0.00141510666940551,0.0012611218623052,"EPCAM/SCGB2A2/CEACAM5/S100A2/NEK2/ETV4/MUC6/PROM1/KRT7/KRT10/LAMC2/CDH1/MUC1/SLPI/SOX17/PSCA/POU5F1/BMP7/MMP7/CEACAM1/PODXL/KRT19/CCL20/ORM2/MKI67/RAP1GAP/KRT18/LCN2/CCNB1/IDO1/YBX2/ITGB4/MAD2L1/SLC2A1/BIRC5/RRM2/CCNE1/KPNA2/IGFBPL1/MUC4/ORM1/PLK1",42
"DOID:4606","bile duct cancer","20/425","140/8007",4.49715289545784e-05,0.00209438834845608,0.00186648751751333,"TFF3/MSX2/PROM1/ENPP3/S100P/CDH1/MUC1/ESR1/MMP7/PODXL/KRT19/PBK/LCN2/NQO1/CDX2/HOXB7/BIRC5/SFN/MUC4/EZR",20
"DOID:4897","bile duct carcinoma","20/425","140/8007",4.49715289545784e-05,0.00209438834845608,0.00186648751751333,"TFF3/MSX2/PROM1/ENPP3/S100P/CDH1/MUC1/ESR1/MMP7/PODXL/KRT19/PBK/LCN2/NQO1/CDX2/HOXB7/BIRC5/SFN/MUC4/EZR",20
"DOID:5517","stomach carcinoma","21/425","153/8007",5.33112105932478e-05,0.00231726062045317,0.00206510794719107,"OLFM4/S100A2/PKP3/MUC6/PROM1/DMBT1/CLDN7/KRT17/MUC1/SERPINB5/KRT81/MMP7/MKI67/TOP2A/TYMS/CDX2/S100A8/SLC2A1/BIRC5/HPGD/PLK1",21
"DOID:2151","malignant ovarian surface epithelial-stromal neoplasm","31/425","286/8007",0.000110027053381378,0.00398542437803656,0.00355175049511815,"EPCAM/KLK11/TSPAN1/ETV4/WFDC2/PAX8/CLDN7/MSLN/TACSTD2/CEACAM6/CDH1/SERPINB5/ESR1/KLK7/SPA17/POU5F1/MMP7/CDK1/MKI67/TYMS/TK1/XRCC2/KLK13/SLC2A1/BIRC5/E2F5/SFN/CCNE1/DKK1/KPNA2/MUC16",31
"DOID:2152","ovary epithelial cancer","31/425","286/8007",0.000110027053381378,0.00398542437803656,0.00355175049511815,"EPCAM/KLK11/TSPAN1/ETV4/WFDC2/PAX8/CLDN7/MSLN/TACSTD2/CEACAM6/CDH1/SERPINB5/ESR1/KLK7/SPA17/POU5F1/MMP7/CDK1/MKI67/TYMS/TK1/XRCC2/KLK13/SLC2A1/BIRC5/E2F5/SFN/CCNE1/DKK1/KPNA2/MUC16",31
"DOID:4001","ovarian carcinoma","31/425","286/8007",0.000110027053381378,0.00398542437803656,0.00355175049511815,"EPCAM/KLK11/TSPAN1/ETV4/WFDC2/PAX8/CLDN7/MSLN/TACSTD2/CEACAM6/CDH1/SERPINB5/ESR1/KLK7/SPA17/POU5F1/MMP7/CDK1/MKI67/TYMS/TK1/XRCC2/KLK13/SLC2A1/BIRC5/E2F5/SFN/CCNE1/DKK1/KPNA2/MUC16",31
"DOID:10283","prostate cancer","41/425","425/8007",0.000127454431769542,0.00437369944809165,0.00389777542032062,"PRSS8/AGR2/MAL/MUC6/S100P/AKR1C2/CXCL10/CDH1/MUC1/TPD52/PSCA/ESR1/SYTL1/BMP7/SIM2/AKR1C3/CDCP1/CEACAM1/SPINT2/LRP2/MKI67/ARG2/MAK/TSGA10/CCNB1/ITGB4/AZGP1/WIF1/BUB1B/GCNT1/S100A8/BIRC5/EZH2/CCNA1/XBP1/MMP15/MUC4/PAK6/SRD5A3/S100A9/PLK1",41
"DOID:1793","pancreatic cancer","33/425","319/8007",0.000163048955084526,0.00516632886068228,0.0046041548774566,"EPCAM/MSX2/CLDN7/MSLN/SPINT1/S100P/ST14/CEACAM6/LAMC2/TP73/CDH1/MUC1/SERPINB5/IHH/MMP7/SIM2/HMGA1/TOP2A/TYMS/RAP1GAP/LCN2/NQO1/NTS/EPHA7/XRCC2/BIRC5/RRM2/CCNE1/DKK1/IGF2BP3/MUC4/EZR/PLK1",33
"DOID:0050904","salivary gland carcinoma","11/425","57/8007",0.000166400162690687,0.00516632886068228,0.0046041548774566,"CLDN7/CDH1/MUC1/MMP7/CLDN3/SLC2A1/BIRC5/SFN/MMP15/MUC4/EZR",11
"DOID:8850","salivary gland cancer","11/425","58/8007",0.000195731653572672,0.00561842452102765,0.00500705575655031,"CLDN7/CDH1/MUC1/MMP7/CLDN3/SLC2A1/BIRC5/SFN/MMP15/MUC4/EZR",11
"DOID:219","colon cancer","30/425","282/8007",0.000198195957030116,0.00561842452102765,0.00500705575655031,"OLFM4/EPCAM/VWA2/CEACAM5/PROM1/CA8/KRT7/ENPP3/SOX9/TACSTD2/CDH1/MUC1/BMP7/MMP7/CDCP1/CEACAM1/PLA2G4A/PODXL/SAT1/TYMS/UBD/FUT6/KRT18/LCN2/CDX2/TSGA10/ITGB4/BIRC5/MST1R/PLK1",30
"DOID:3856","male reproductive organ cancer","41/425","435/8007",0.000211201201772234,0.00573763264814569,0.00511329225343303,"PRSS8/AGR2/MAL/MUC6/S100P/AKR1C2/CXCL10/CDH1/MUC1/TPD52/PSCA/ESR1/SYTL1/BMP7/SIM2/AKR1C3/CDCP1/CEACAM1/SPINT2/LRP2/MKI67/ARG2/MAK/TSGA10/CCNB1/ITGB4/AZGP1/WIF1/BUB1B/GCNT1/S100A8/BIRC5/EZH2/CCNA1/XBP1/MMP15/MUC4/PAK6/SRD5A3/S100A9/PLK1",41
"DOID:4531","mucoepidermoid carcinoma","7/425","25/8007",0.000235634201063214,0.00614533996372863,0.00547663490471134,"CLDN7/CDH1/MUC1/MMP7/CLDN3/SLC2A1/MUC4",7
"DOID:9256","colorectal cancer","30/425","287/8007",0.000269801851449622,0.00676580027481361,0.00602957983806443,"OLFM4/EPCAM/VWA2/CEACAM5/PROM1/CA8/KRT7/ENPP3/SOX9/TACSTD2/CDH1/MUC1/BMP7/MMP7/CDCP1/CEACAM1/PLA2G4A/PODXL/SAT1/TYMS/UBD/FUT6/KRT18/LCN2/CDX2/TSGA10/ITGB4/BIRC5/MST1R/PLK1",30
"DOID:5672","large intestine cancer","30/425","288/8007",0.000286617832264791,0.00691366089106286,0.0061613510039824,"OLFM4/EPCAM/VWA2/CEACAM5/PROM1/CA8/KRT7/ENPP3/SOX9/TACSTD2/CDH1/MUC1/BMP7/MMP7/CDCP1/CEACAM1/PLA2G4A/PODXL/SAT1/TYMS/UBD/FUT6/KRT18/LCN2/CDX2/TSGA10/ITGB4/BIRC5/MST1R/PLK1",30
"DOID:8618","oral cavity cancer","11/425","61/8007",0.000311291109753149,0.00691366089106286,0.0061613510039824,"CLDN7/CDH1/MUC1/MMP7/CLDN3/SLC2A1/BIRC5/SFN/MMP15/MUC4/EZR",11
"DOID:13250","diarrhea","8/425","34/8007",0.000315533723444641,0.00691366089106286,0.0061613510039824,"CHGA/TAC1/SCNN1A/FGF19/SPINT2/SCNN1G/S100A8/SLC5A1",8
"DOID:4905","pancreatic carcinoma","26/425","237/8007",0.000325150343751001,0.00691366089106286,0.0061613510039824,"EPCAM/CLDN7/MSLN/SPINT1/S100P/ST14/CEACAM6/LAMC2/TP73/CDH1/MUC1/SERPINB5/MMP7/SIM2/HMGA1/TOP2A/TYMS/LCN2/NQO1/NTS/EPHA7/RRM2/DKK1/IGF2BP3/MUC4/EZR",26
"DOID:688","embryonal cancer","36/425","373/8007",0.00032871700555667,0.00691366089106286,0.0061613510039824,"EPCAM/SCGB2A2/CEACAM5/S100A2/NEK2/MUC6/PROM1/LAMC2/MUC1/SLPI/SOX17/POU5F1/BMP7/MMP7/CEACAM1/PODXL/KRT19/CCL20/ORM2/MKI67/RAP1GAP/KRT18/LCN2/CCNB1/IDO1/ITGB4/MAD2L1/SLC2A1/BIRC5/RRM2/CCNE1/KPNA2/IGFBPL1/MUC4/ORM1/PLK1",36
"DOID:4896","bile duct adenocarcinoma","17/425","128/8007",0.000404004622190944,0.00798215192934834,0.00711357420891231,"TFF3/MSX2/PROM1/S100P/CDH1/MUC1/MMP7/PODXL/KRT19/PBK/LCN2/NQO1/CDX2/BIRC5/SFN/MUC4/EZR",17
"DOID:4947","cholangiocarcinoma","17/425","128/8007",0.000404004622190944,0.00798215192934834,0.00711357420891231,"TFF3/MSX2/PROM1/S100P/CDH1/MUC1/MMP7/PODXL/KRT19/PBK/LCN2/NQO1/CDX2/BIRC5/SFN/MUC4/EZR",17
"DOID:3113","papillary carcinoma","9/425","45/8007",0.000493080891120263,0.00945555120618856,0.00842664556960944,"KRT17/CLDN4/KRT19/CLDN3/ITGB4/MAD2L1/SLC2A1/SFN/PLK1",9
"DOID:10155","intestinal cancer","30/425","300/8007",0.000574349588216614,0.0106993123290638,0.0095350668479871,"OLFM4/EPCAM/VWA2/CEACAM5/PROM1/CA8/KRT7/ENPP3/SOX9/TACSTD2/CDH1/MUC1/BMP7/MMP7/CDCP1/CEACAM1/PLA2G4A/PODXL/SAT1/TYMS/UBD/FUT6/KRT18/LCN2/CDX2/TSGA10/ITGB4/BIRC5/MST1R/PLK1",30
"DOID:3007","breast ductal carcinoma","7/425","29/8007",0.000636167508627924,0.0115217004340391,0.0102679668059244,"NEK2/S100P/LAMC2/KRT18/CDX2/S100A8/S100A9",7
"DOID:10286","prostate carcinoma","16/425","122/8007",0.000683902978280972,0.0120514795091674,0.010740097980401,"PRSS8/TPD52/PSCA/ESR1/SYTL1/BMP7/SIM2/AKR1C3/WIF1/BUB1B/GCNT1/S100A8/EZH2/XBP1/MMP15/S100A9",16
"DOID:4766","embryoma","33/425","352/8007",0.000965553629795987,0.0165668675428154,0.0147641441453569,"EPCAM/SCGB2A2/CEACAM5/S100A2/NEK2/MUC6/PROM1/LAMC2/MUC1/SLPI/BMP7/MMP7/CEACAM1/KRT19/CCL20/ORM2/MKI67/RAP1GAP/KRT18/LCN2/CCNB1/IDO1/ITGB4/MAD2L1/SLC2A1/BIRC5/RRM2/CCNE1/KPNA2/IGFBPL1/MUC4/ORM1/PLK1",33
"DOID:657","adenoma","32/425","340/8007",0.00107715354353548,0.0180077977021829,0.0160482795150225,"SCGB1D2/MSX1/MAL/CXADR/S100A1/MUC6/PAX8/CHGA/GPX2/CLDN7/KRT7/S100P/CDH1/MUC1/CCNB2/ESR1/MMP7/HMGA1/KRT19/MKI67/TOP2A/NQO1/CDX2/NTS/WIF1/XRCC2/SLC2A1/BIRC5/PTTG1/FZD6/MST1R/SLC9A2",32
"DOID:2706","synovium cancer","7/425","32/8007",0.00119508590355294,0.019004780710159,0.0169367758346912,"ELF3/PROM1/CLDN7/CDH1/MKI67/BIRC5/EZR",7
"DOID:5485","synovial sarcoma","7/425","32/8007",0.00119508590355294,0.019004780710159,0.0169367758346912,"ELF3/PROM1/CLDN7/CDH1/MKI67/BIRC5/EZR",7
"DOID:3307","teratoma","4/425","11/8007",0.00191585713479742,0.0275003453250518,0.0245078957368883,"KRT10/POU5F1/KRT18/BIRC5",4
"DOID:3437","laryngitis","4/425","11/8007",0.00191585713479742,0.0275003453250518,0.0245078957368883,"MUC6/MUC1/OVGP1/MUC4",4
"DOID:786","laryngeal disease","4/425","11/8007",0.00191585713479742,0.0275003453250518,0.0245078957368883,"MUC6/MUC1/OVGP1/MUC4",4
"DOID:363","uterine cancer","13/425","98/8007",0.0019179568077701,0.0275003453250518,0.0245078957368883,"LAMC2/KCNN4/CXCL10/MUC1/MMP7/CEACAM1/MKI67/CDX2/S100A8/SLC2A1/BIRC5/IGF2BP3/OVGP1",13
"DOID:2730","epidermolysis bullosa","5/425","18/8007",0.00198238685625373,0.0275003453250518,0.0245078957368883,"KRT5/KRT14/LAMC2/KRT18/ITGB4",5
"DOID:8719","in situ carcinoma","5/425","18/8007",0.00198238685625373,0.0275003453250518,0.0245078957368883,"MSLN/BIRC5/IGF2BP3/S100A9/PLK1",5
"DOID:4074","pancreas adenocarcinoma","18/425","161/8007",0.00213226164638964,0.0289632206967926,0.0258115883510324,"EPCAM/S100P/ST14/CEACAM6/LAMC2/TP73/CDH1/MUC1/SERPINB5/MMP7/HMGA1/TOP2A/LCN2/NQO1/EPHA7/RRM2/IGF2BP3/MUC4",18
"DOID:4928","intrahepatic cholangiocarcinoma","7/425","36/8007",0.00246722701686163,0.0328292247957915,0.0292569132826557,"PROM1/S100P/MUC1/KRT19/CDX2/SFN/EZR",7
"DOID:2731","vesiculobullous skin disease","5/425","19/8007",0.00257466245533364,0.0329152925662262,0.029333615590179,"KRT5/KRT14/LAMC2/KRT18/ITGB4",5
"DOID:3095","germ cell and embryonal cancer","5/425","19/8007",0.00257466245533364,0.0329152925662262,0.029333615590179,"KRT10/PSCA/POU5F1/KRT18/BIRC5",5
"DOID:1520","colon carcinoma","18/425","168/8007",0.00340288187646007,0.0426669035279225,0.0380241051782583,"OLFM4/EPCAM/CEACAM5/PROM1/KRT7/ENPP3/SOX9/CDH1/MUC1/MMP7/PODXL/TYMS/UBD/FUT6/KRT18/CDX2/ITGB4/BIRC5",18
"DOID:2871","endometrial carcinoma","11/425","82/8007",0.00383141801537815,0.0471336706797463,0.0420048211417823,"LAMC2/KCNN4/CXCL10/MUC1/MMP7/CEACAM1/CDX2/S100A8/BIRC5/IGF2BP3/OVGP1",11
"DOID:0060084","cell type benign neoplasm","39/425","475/8007",0.00402623605238557,0.0486130723362109,0.0433232417332716,"SCGB1D2/MSX1/FGFR2/MAL/CXADR/S100A1/MUC6/MSX2/PAX8/CHGA/GPX2/CLDN7/MSLN/KRT7/SOX9/SLC6A2/S100P/CDH1/MUC1/CCNB2/ESR1/MMP7/CEACAM1/HMGA1/KRT19/MKI67/TOP2A/NQO1/CDX2/CCNB1/NTS/WIF1/XRCC2/SLC2A1/BIRC5/PTTG1/FZD6/MST1R/SLC9A2",39
"DOID:11054","urinary bladder cancer","13/425","107/8007",0.00419727355154739,0.04975677010198,0.0443424880469696,"FGFR2/MUC1/SERPINB5/UCA1/CEACAM1/TSGA10/MYBL2/SLC2A1/BIRC5/PAX6/EZH2/MST1R/AMBP",13
"DOID:1380","endometrial cancer","12/425","97/8007",0.00504890122204653,0.0584774206333827,0.0521142011456688,"LAMC2/KCNN4/CXCL10/MUC1/MMP7/CEACAM1/CDX2/S100A8/SLC2A1/BIRC5/IGF2BP3/OVGP1",12
"DOID:0060071","pre-malignant neoplasm","5/425","22/8007",0.00511228984064849,0.0584774206333827,0.0521142011456688,"MSLN/BIRC5/IGF2BP3/S100A9/PLK1",5
"DOID:10534","stomach cancer","25/425","274/8007",0.00552182388964601,0.0620729168284344,0.0553184534861088,"OLFM4/S100A2/PKP3/MUC6/PROM1/DMBT1/CLDN7/KRT17/MUC1/SLPI/SERPINB5/KRT81/MMP7/KRT19/CXCL5/MKI67/TOP2A/TYMS/CDX2/MAD2L1/S100A8/SLC2A1/BIRC5/HPGD/PLK1",25
"DOID:4029","gastritis","9/425","65/8007",0.00696712907168383,0.0765024625848226,0.0681778484772716,"DEFB1/TP73/CDH1/MUC1/SLPI/POU5F1/CCL20/CDX2/PPP1R1B",9
"DOID:3443","mammary Paget's disease","6/425","33/8007",0.0070401039188487,0.0765024625848226,0.0681778484772716,"KRT7/CDH1/MMP7/KRT19/CDX2/DKK1",6
"DOID:3458","breast adenocarcinoma","7/425","45/8007",0.00889878736058385,0.0951149075262405,0.0847649805529299,"KRT7/CDH1/MMP7/KRT19/TRPV6/CDX2/DKK1",7
"DOID:4362","cervical cancer","12/425","105/8007",0.00944857918572758,0.0993624778886191,0.0885503516217593,"S100P/KRT10/CDH1/SLPI/KRT19/MKI67/TOP2A/CDX2/SLC2A1/BIRC5/IFI27/CCNE1",12
"DOID:5041","esophageal cancer","15/425","145/8007",0.00984098338910014,0.101846367772909,0.0907639570724023,"EPCAM/CEACAM5/S100A2/MAL/TAC1/MUC1/BMP7/MKI67/STC2/CDX2/CCNB1/S100A8/BIRC5/MUC4/S100A9",15
"DOID:3717","gastric adenocarcinoma","11/425","94/8007",0.010709782880504,0.105939746098958,0.0944119145085963,"S100A2/PKP3/PROM1/DMBT1/CLDN7/KRT17/SERPINB5/MKI67/TOP2A/S100A8/HPGD",11
"DOID:0050938","breast lobular carcinoma","4/425","17/8007",0.0107239620284221,0.105939746098958,0.0944119145085963,"KRT5/CDH1/MUC1/ESR1",4
"DOID:3457","invasive lobular carcinoma","4/425","17/8007",0.0107239620284221,0.105939746098958,0.0944119145085963,"KRT5/CDH1/MUC1/ESR1",4
"DOID:0080015","physical disorder","14/425","136/8007",0.0129149818981921,0.125680122352556,0.112004242070731,"GAD1/MSX1/FGFR2/IRF6/ZIC2/CDH1/ESR1/BMP7/DNAH11/LRP2/SLC2A1/FGF8/PAX6/ASPM",14
"DOID:3179","inverted papilloma","3/425","10/8007",0.0134705561301769,0.129158861718755,0.115104442474577,"MSX2/MKI67/BIRC5",3
"DOID:3498","pancreatic ductal adenocarcinoma","11/425","98/8007",0.0143961158712963,0.136032863015727,0.121230449442495,"EPCAM/S100P/ST14/LAMC2/CDH1/SERPINB5/MMP7/HMGA1/NQO1/EPHA7/IGF2BP3",11
"DOID:4440","seminoma","5/425","28/8007",0.0146924772722038,0.136849931163955,0.121958608334684,"ETV4/PROM1/CDH1/SOX17/YBX2",5
"DOID:11396","pulmonary edema","3/425","11/8007",0.0178035682534442,0.15958805869347,0.142222486920884,"AQP5/SCNN1A/CLDN4",3
"DOID:154","mixed cell type cancer","3/425","11/8007",0.0178035682534442,0.15958805869347,0.142222486920884,"CLDN4/MKI67/CLDN3",3
"DOID:4866","salivary gland adenoid cystic carcinoma","6/425","40/8007",0.0178679881666002,0.15958805869347,0.142222486920884,"CDH1/MMP7/BIRC5/SFN/MMP15/EZR",6
"DOID:3121","gallbladder cancer","7/425","52/8007",0.0191152891134612,0.168205994785899,0.149902662450462,"EPCAM/TACSTD2/LAMC2/MUC1/TOP2A/SLC2A1/MUC4",7
"DOID:5295","intestinal disease","15/425","157/8007",0.01934884909347,0.168205994785899,0.149902662450462,"EPCAM/CXCL13/KRT7/TAC1/CEACAM6/CXCL10/IHH/MMP7/SCNN1G/CDX2/IDO1/S100A8/XBP1/MST1R/SLC9A2",15
"DOID:76","stomach disease","9/425","77/8007",0.020157401240264,0.17292928432437,0.154111987321686,"DEFB1/TP73/CDH1/MUC1/SLPI/POU5F1/CCL20/CDX2/PPP1R1B",9
"DOID:0050589","inflammatory bowel disease","10/425","90/8007",0.0204369421876305,0.173050471510845,0.154219987526617,"CXCL13/KRT7/CEACAM6/CXCL10/MMP7/SCNN1G/CDX2/IDO1/XBP1/MST1R",10
"DOID:2893","cervix carcinoma","11/425","104/8007",0.0216211093526664,0.179633183380675,0.160086401721234,"S100P/KRT10/CDH1/SLPI/KRT19/MKI67/CDX2/SLC2A1/BIRC5/IFI27/CCNE1",11
"DOID:0060085","organ system benign neoplasm","22/425","262/8007",0.0217653703789468,0.179633183380675,0.160086401721234,"EPCAM/SCGB1D2/FGFR2/KRT31/ESRP1/S100A1/PAX8/CLDN7/SOX9/S100P/CDH1/MUC1/ESR1/SIM2/MKI67/LCN2/SLC2A1/BIRC5/PTTG1/FZD6/MST1R/COL2A1",22
"DOID:9562","primary ciliary dyskinesia","3/425","12/8007",0.022819973289822,0.18598278231205,0.165745069157655,"DNAH11/DNAH5/DNAI1",3
"DOID:1800","neuroendocrine carcinoma","4/425","22/8007",0.0267476300639216,0.215301911131814,0.191873837495578,"KRT7/KRT19/KRT18/IGF2BP3",4
"DOID:0060121","integumentary system benign neoplasm","5/425","33/8007",0.0285924267379177,0.219088677707418,0.195248547133508,"FGFR2/KRT31/MKI67/SLC2A1/COL2A1",5
"DOID:3165","skin benign neoplasm","5/425","33/8007",0.0285924267379177,0.219088677707418,0.195248547133508,"FGFR2/KRT31/MKI67/SLC2A1/COL2A1",5
"DOID:3277","thymus cancer","5/425","33/8007",0.0285924267379177,0.219088677707418,0.195248547133508,"CXCL13/ESR1/KRT19/TNS4/SLC2A1",5
"DOID:0060180","colitis","8/425","69/8007",0.0288981998203036,0.219088677707418,0.195248547133508,"CXCL13/KRT7/CXCL10/MMP7/SCNN1G/IDO1/XBP1/MST1R",8
"DOID:8577","ulcerative colitis","8/425","69/8007",0.0288981998203036,0.219088677707418,0.195248547133508,"CXCL13/KRT7/CXCL10/MMP7/SCNN1G/IDO1/XBP1/MST1R",8
"DOID:10892","hypospadias","4/425","23/8007",0.0310622914605888,0.229894018595797,0.204878105045011,"FGFR2/ESR1/BMP7/FGF8",4
"DOID:4914","esophagus adenocarcinoma","4/425","23/8007",0.0310622914605888,0.229894018595797,0.204878105045011,"EPCAM/S100A2/MUC1/BIRC5",4
"DOID:0050737","autosomal recessive disease","26/425","334/8007",0.0313812387347024,0.229894018595797,0.204878105045011,"PRSS8/PI3/DEFB1/SCNN1A/CEACAM6/SLC15A2/KCNN4/CDH1/MUC1/SLPI/DNAH11/ABCA12/ARG2/SCNN1G/LCN2/BIK/DNAH5/BCL11A/DKK1/DNAI1/MUC4/CLCA4/FLG/UGT2B7/IFRD1/PLK1",26
"DOID:3149","keratoacanthoma","3/425","14/8007",0.034904857847675,0.248994570335978,0.221900230586793,"SLC2A1/FLG/S100A9",3
"DOID:3390","palmoplantar keratosis","3/425","14/8007",0.034904857847675,0.248994570335978,0.221900230586793,"KRT6A/DSP/KRT6C",3
"DOID:4468","clear cell adenocarcinoma","4/425","24/8007",0.0357625108699628,0.248994570335978,0.221900230586793,"EPCAM/KRT7/CDH1/MUC1",4
"DOID:2596","larynx cancer","5/425","35/8007",0.0358920171476744,0.248994570335978,0.221900230586793,"CDH1/KRT19/MKI67/CCNB1/BIRC5",5
"DOID:201","connective tissue cancer","28/425","370/8007",0.0358979902018127,0.248994570335978,0.221900230586793,"FGFR2/SIX1/ZIC1/ELF3/PROM1/ERBB4/CLDN7/MSLN/SOX9/TP73/CDH1/MUC1/ESR1/IHH/MKI67/TOP2A/ITGB4/NTS/WIF1/MAD2L1/CD9/SLC2A1/BIRC5/CCNE1/EZH2/DKK1/IGF2BP3/EZR",28
"DOID:2870","endometrial adenocarcinoma","3/425","15/8007",0.0419584554693739,0.284967843396164,0.253959072577789,"LAMC2/MUC1/BIRC5",3
"DOID:5389","oxyphilic adenoma","3/425","15/8007",0.0419584554693739,0.284967843396164,0.253959072577789,"ESRP1/S100A1/CLDN7",3
"DOID:10124","corneal disease","7/425","62/8007",0.0448873615951119,0.299488894312666,0.266900015596693,"TFF3/AQP5/S100A2/IRF6/TACSTD2/SLPI/BIRC5",7
"DOID:16","integumentary system disease","29/425","394/8007",0.0450152019058916,0.299488894312666,0.266900015596693,"KRT6A/KRT5/KRT14/DSP/CHGA/SLC29A2/DEFB1/SOX9/TAC1/KRT10/ST14/LAMC2/CXCL10/KLK7/CRABP2/SAT1/MKI67/IVL/KRT18/LCN2/IDO1/ITGB4/KRT6C/SPINK5/KRT15/FLG/NPSR1/CCL28/DSG4",29
"DOID:1993","rectum cancer","3/425","16/8007",0.0496674722741009,0.323831919227138,0.288594154687408,"CEACAM5/MMP7/CDX2",3
"DOID:2615","papilloma","3/425","16/8007",0.0496674722741009,0.323831919227138,0.288594154687408,"MSX2/MKI67/BIRC5",3
"DOID:2154","nephroblastoma","8/425","77/8007",0.0506187699057633,0.326766712658987,0.291209598624089,"PRAME/PAX8/SOX9/CDH1/EYA1/ESR1/PODXL/CCNE1",8
"DOID:10003","sensorineural hearing loss","6/425","51/8007",0.0516790943636011,0.327133684709397,0.291536638617351,"ATP6V1B1/HMX3/GJB6/FGF3/TMPRSS3/COL2A1",6
"DOID:4948","gallbladder carcinoma","6/425","51/8007",0.0516790943636011,0.327133684709397,0.291536638617351,"EPCAM/LAMC2/MUC1/TOP2A/SLC2A1/MUC4",6
"DOID:3275","thymoma","4/425","27/8007",0.0521932907125507,0.327211784082529,0.291606239608583,"CXCL13/ESR1/TNS4/SLC2A1",4
"DOID:3111","cystadenocarcinoma","5/425","40/8007",0.0587755179862646,0.361524884217401,0.322185560361649,"MSLN/CRABP1/SLC2A1/IGF2BP3/MUC4",5
"DOID:3114","serous cystadenocarcinoma","5/425","40/8007",0.0587755179862646,0.361524884217401,0.322185560361649,"MSLN/CRABP1/SLC2A1/IGF2BP3/MUC4",5
"DOID:1107","esophageal carcinoma","11/425","123/8007",0.0616380207941098,0.375129544760123,0.334309830009021,"EPCAM/S100A2/MAL/TAC1/MUC1/STC2/CCNB1/S100A8/BIRC5/MUC4/S100A9",11
"DOID:1485","cystic fibrosis","12/425","138/8007",0.062382288076485,0.375129544760123,0.334309830009021,"PRSS8/PI3/DEFB1/SCNN1A/CEACAM6/SLC15A2/MUC1/SLPI/SCNN1G/MUC4/CLCA4/IFRD1",12
"DOID:1790","malignant mesothelioma","5/425","41/8007",0.0641575997601968,0.375129544760123,0.334309830009021,"KRT5/MSLN/MUC1/MKI67/SLC2A1",5
"DOID:437","myasthenia gravis","5/425","41/8007",0.0641575997601968,0.375129544760123,0.334309830009021,"CXCL13/CXCL10/ESR1/CACNA1S/DOK7",5
"DOID:3620","central nervous system cancer","11/425","124/8007",0.0645794592118842,0.375129544760123,0.334309830009021,"PROM1/CXCL13/MSLN/TP73/CDH1/MMP7/LRP2/MKI67/HOXA9/BIRC5/SFN",11
"DOID:0060116","sensory system cancer","12/425","139/8007",0.065168875510799,0.375129544760123,0.334309830009021,"EPCAM/TFAP2A/AQP5/PRAME/TP73/CDK1/MKI67/TYMS/BIRC5/CCNE1/CCNA1/PLK1",12
"DOID:2174","ocular cancer","12/425","139/8007",0.065168875510799,0.375129544760123,0.334309830009021,"EPCAM/TFAP2A/AQP5/PRAME/TP73/CDK1/MKI67/TYMS/BIRC5/CCNE1/CCNA1/PLK1",12
"DOID:3963","thyroid carcinoma","16/425","200/8007",0.06559013512677,0.375129544760123,0.334309830009021,"TFF3/PAX8/KRT17/CRABP1/UBE2C/MUC1/SERPINB5/ESR1/KRT19/MKI67/ITGB4/BIRC5/PTTG1/CCNE1/EZH2/PLK1",16
"DOID:3262","phagocyte bactericidal dysfunction","3/425","18/8007",0.0669707012337159,0.379694758298981,0.338378279917723,"RAP1GAP/MECOM/IDO1",3
"DOID:439","neuromuscular junction disease","5/425","42/8007",0.0698070855874958,0.382961217711355,0.341289299607149,"CXCL13/CXCL10/ESR1/CACNA1S/DOK7",5
"DOID:11162","respiratory failure","6/425","55/8007",0.0698962958706308,0.382961217711355,0.341289299607149,"AQP5/PI3/DMBT1/SCNN1A/CLDN4/NPSR1",6
"DOID:5183","hereditary Wilms' tumor","6/425","55/8007",0.0698962958706308,0.382961217711355,0.341289299607149,"PRAME/PAX8/SOX9/ESR1/PODXL/CCNE1",6
"DOID:6050","esophageal disease","6/425","55/8007",0.0698962958706308,0.382961217711355,0.341289299607149,"MKI67/CDX2/CCNB1/MAD2L1/DKK1/IGF2BP3",6
"DOID:3962","follicular thyroid carcinoma","6/425","56/8007",0.0749620447332594,0.407293776384043,0.362974111339993,"TFF3/ESR1/KRT19/MKI67/PTTG1/PLK1",6
"DOID:9206","Barrett's esophagus","3/425","19/8007",0.0765163215407999,0.412302823509103,0.367438099091096,"CDX2/MAD2L1/IGF2BP3",3
"DOID:850","lung disease","34/425","499/8007",0.0776156327906222,0.41479829983185,0.369662030202101,"DKK4/AQP5/PI3/DMBT1/DEFB1/ERBB3/SPINT1/TAC1/SCNN1A/LAMC2/CLDN4/CXCL10/MUC1/SLPI/MMP7/SLC34A2/KRT19/CKMT1B/CXCL5/SCGB1A1/KRT18/IDO1/CXCL11/IFI27/DKK1/MUC5B/PDE4D/MUC16/XBP1/IL5RA/NPSR1/CCL28/IFRD1/S100A9",34
"DOID:37","skin disease","25/425","350/8007",0.0786356387591505,0.416832816837123,0.371475161275576,"KRT6A/KRT5/KRT14/DSP/CHGA/SLC29A2/DEFB1/TAC1/KRT10/LAMC2/CXCL10/KLK7/CRABP2/SAT1/MKI67/IVL/KRT18/LCN2/IDO1/ITGB4/KRT6C/SPINK5/FLG/NPSR1/CCL28",25
"DOID:2645","benign mesothelioma","6/425","57/8007",0.0802313100230263,0.421861404314622,0.375956563096015,"MSLN/MUC1/CEACAM1/MKI67/NTS/BIRC5",6
"DOID:2742","auditory system disease","9/425","100/8007",0.0830599300577891,0.433240595181428,0.386097527510733,"ATP6V1B1/HMX3/MKI67/GJB6/MUC5B/FGF3/TMPRSS3/COL2A1/MUC4",9
"DOID:5409","lung small cell carcinoma","7/425","72/8007",0.0863416069242047,0.439972372496397,0.392096786596725,"ZMYND10/SAT1/MKI67/KRT18/CD9/BIRC5/IGF2BP3",7
"DOID:447","renal tubular transport disease","3/425","20/8007",0.0866213401100106,0.439972372496397,0.392096786596725,"ATP6V1B1/SCNN1A/SCNN1G",3
"DOID:768","retinoblastoma","10/425","116/8007",0.0878637290372509,0.439972372496397,0.392096786596725,"EPCAM/TFAP2A/AQP5/TP73/CDK1/TYMS/BIRC5/CCNE1/CCNA1/PLK1",10
"DOID:771","retinal cell cancer","10/425","116/8007",0.0878637290372509,0.439972372496397,0.392096786596725,"EPCAM/TFAP2A/AQP5/TP73/CDK1/TYMS/BIRC5/CCNE1/CCNA1/PLK1",10
"DOID:1115","sarcoma","15/425","193/8007",0.0883468569793893,0.439972372496397,0.392096786596725,"TFAP2A/FGFR2/ELF3/PROM1/CLDN7/ERBB3/CDH1/CCL20/MKI67/SLC2A1/BIRC5/CCNE1/XBP1/MUC4/EZR",15
"DOID:9741","biliary tract disease","8/425","87/8007",0.0897415083010662,0.439972372496397,0.392096786596725,"TAC1/CP/CDH1/FGF19/ESR1/MMP7/KRT18/MUC4",8
"DOID:0060100","musculoskeletal system cancer","30/425","439/8007",0.0906325277670493,0.439972372496397,0.392096786596725,"FGFR2/SIX1/ZIC1/ELF3/PROM1/ERBB4/CLDN7/MSLN/SOX9/TP73/CDH1/MUC1/ESR1/IHH/MKI67/TOP2A/ITGB4/NTS/WIF1/CXCL11/MAD2L1/BUB1B/CD9/SLC2A1/BIRC5/CCNE1/EZH2/DKK1/IGF2BP3/EZR",30
"DOID:3744","cervical squamous cell carcinoma","7/425","73/8007",0.0913896977739634,0.439972372496397,0.392096786596725,"KRT10/CDH1/MKI67/SLC2A1/BIRC5/IFI27/CCNE1",7
"DOID:161","keratosis","5/425","46/8007",0.0950289161811985,0.439972372496397,0.392096786596725,"KRT6A/DSP/SAT1/MKI67/KRT6C",5
"DOID:2490","congenital nervous system abnormality","5/425","46/8007",0.0950289161811985,0.439972372496397,0.392096786596725,"ZIC2/LRP2/SLC2A1/PAX6/ASPM",5
"DOID:0060115","nervous system benign neoplasm","4/425","33/8007",0.0952671120418931,0.439972372496397,0.392096786596725,"EPCAM/ESR1/MKI67/PTTG1",4
"DOID:2113","coccidiosis","2/425","10/8007",0.095388045373129,0.439972372496397,0.392096786596725,"TAC1/COL2A1",2
"DOID:3493","signet ring cell adenocarcinoma","2/425","10/8007",0.095388045373129,0.439972372496397,0.392096786596725,"CDH1/MUC4",2
"DOID:3587","pancreatic ductal carcinoma","2/425","10/8007",0.095388045373129,0.439972372496397,0.392096786596725,"MSLN/MUC1",2
"DOID:693","dental enamel hypoplasia","2/425","10/8007",0.095388045373129,0.439972372496397,0.392096786596725,"WDR72/FAM83H",2
"DOID:9008","psoriatic arthritis","2/425","10/8007",0.095388045373129,0.439972372496397,0.392096786596725,"S100A8/S100A9",2
"DOID:4645","retinal cancer","10/425","118/8007",0.0958222038259025,0.439972372496397,0.392096786596725,"EPCAM/TFAP2A/AQP5/TP73/CDK1/TYMS/BIRC5/CCNE1/CCNA1/PLK1",10
"DOID:235","colonic benign neoplasm","3/425","21/8007",0.0972559081547609,0.440353139700723,0.392436120624474,"MUC1/SIM2/BIRC5",3
"DOID:3308","embryonal carcinoma","3/425","21/8007",0.0972559081547609,0.440353139700723,0.392436120624474,"SOX17/POU5F1/PODXL",3
"DOID:1781","thyroid cancer","16/425","213/8007",0.100893972556784,0.45367496625533,0.404308332859126,"TFF3/PAX8/KRT17/CRABP1/UBE2C/MUC1/SERPINB5/ESR1/KRT19/MKI67/ITGB4/BIRC5/PTTG1/CCNE1/EZH2/PLK1",16
"DOID:3347","osteosarcoma","16/425","215/8007",0.107207541849745,0.478762447164614,0.426665919978797,"FGFR2/SIX1/ERBB4/TP73/ESR1/MKI67/ITGB4/WIF1/MAD2L1/CD9/SLC2A1/CCNE1/EZH2/DKK1/IGF2BP3/EZR",16
"DOID:640","encephalomyelitis","3/425","22/8007",0.108388794169104,0.480744855770447,0.428432612827393,"CXCL10/ATP2B2/MST1R",3
"DOID:14681","Silver-Russell syndrome","2/425","11/8007",0.112629040288614,0.485527858656824,0.43269515333963,"GRB7/IGF2BP3",2
"DOID:2089","constipation","2/425","11/8007",0.112629040288614,0.485527858656824,0.43269515333963,"TAC1/S100A8",2
"DOID:2566","corneal dystrophy","2/425","11/8007",0.112629040288614,0.485527858656824,0.43269515333963,"TACSTD2/BIRC5",2
"DOID:9779","bowel dysfunction","2/425","11/8007",0.112629040288614,0.485527858656824,0.43269515333963,"TAC1/S100A8",2
"DOID:3565","meningioma","7/425","77/8007",0.113190543735947,0.485527858656824,0.43269515333963,"MSLN/TP73/CDH1/MKI67/HOXA9/BIRC5/SFN",7
"DOID:3969","papillary thyroid carcinoma","9/425","108/8007",0.119098539785431,0.504793478437459,0.449864385045976,"TFF3/PAX8/KRT17/CRABP1/MUC1/SERPINB5/KRT19/MKI67/CCNE1",9
"DOID:10126","keratoconus","3/425","23/8007",0.119987769575381,0.504793478437459,0.449864385045976,"AQP5/S100A2/SLPI",3
"DOID:5158","pleural cancer","4/425","36/8007",0.121498201290283,0.504793478437459,0.449864385045976,"MSLN/MKI67/NTS/BIRC5",4
"DOID:7474","malignant pleural mesothelioma","4/425","36/8007",0.121498201290283,0.504793478437459,0.449864385045976,"MSLN/MKI67/NTS/BIRC5",4
"DOID:8398","osteoarthritis","14/425","187/8007",0.121553030850738,0.504793478437459,0.449864385045976,"ELF3/CHGA/CXCL13/SOX9/TAC1/ESR1/BMP7/PLA2G4A/CCL20/LCN2/SLC2A1/COL9A2/DKK1/COL2A1",14
"DOID:8778","Crohn's disease","5/425","50/8007",0.124249860349628,0.512727271822514,0.456934862844733,"CEACAM6/CDX2/IDO1/XBP1/MST1R",5
"DOID:0050704","childhood electroclinical syndrome","2/425","12/8007",0.130590853688373,0.517105415294534,0.460836598712597,"CACNA1E/SLC2A1",2
"DOID:1825","childhood absence epilepsy","2/425","12/8007",0.130590853688373,0.517105415294534,0.460836598712597,"CACNA1E/SLC2A1",2
"DOID:3382","liposarcoma","2/425","12/8007",0.130590853688373,0.517105415294534,0.460836598712597,"ZIC1/TOP2A",2
"DOID:3939","lipomatous cancer","2/425","12/8007",0.130590853688373,0.517105415294534,0.460836598712597,"ZIC1/TOP2A",2
"DOID:4415","fibrous histiocytoma","2/425","12/8007",0.130590853688373,0.517105415294534,0.460836598712597,"MKI67/EZR",2
"DOID:7757","childhood leukemia","2/425","12/8007",0.130590853688373,0.517105415294534,0.460836598712597,"AKR1C3/NQO1",2
"DOID:0060262","gallbladder disease","4/425","37/8007",0.130862566753985,0.517105415294534,0.460836598712597,"CDH1/ESR1/KRT18/CDX2",4
"DOID:3151","skin squamous cell carcinoma","3/425","24/8007",0.132019949390441,0.518536186762455,0.462111680808646,"SLC2A1/FLG/S100A9",3
"DOID:3973","thyroid medullary carcinoma","4/425","38/8007",0.140514899069148,0.548597090976555,0.488901508264544,"ESR1/MKI67/PTTG1/PLK1",4
"DOID:184","bone cancer","17/425","243/8007",0.147861055434912,0.573841715140253,0.511399139098191,"FGFR2/SIX1/ERBB4/TP73/MUC1/ESR1/MKI67/ITGB4/WIF1/MAD2L1/CD9/SLC2A1/CCNE1/EZH2/DKK1/IGF2BP3/EZR",17
"DOID:841","extrinsic allergic alveolitis","2/425","13/8007",0.149148841211889,0.575414464320425,0.512800749604254,"CXCL10/MUC1",2
"DOID:440","neuromuscular disease","7/425","83/8007",0.150499001453689,0.577207934987088,0.514399063792174,"TNNT1/CXCL13/ERBB3/CXCL10/ESR1/CACNA1S/DOK7",7
"DOID:0060089","endocrine organ benign neoplasm","8/425","99/8007",0.154480107764558,0.585871782264012,0.522120154681522,"SCGB1D2/ESRP1/S100A1/CLDN7/CDH1/LCN2/PTTG1/FZD6",8
"DOID:0002116","pterygium","3/425","26/8007",0.157250861803991,0.585871782264012,0.522120154681522,"TFF3/IRF6/BIRC5",3
"DOID:10139","conjunctival degeneration","3/425","26/8007",0.157250861803991,0.585871782264012,0.522120154681522,"TFF3/IRF6/BIRC5",3
"DOID:10526","conjunctival pterygium","3/425","26/8007",0.157250861803991,0.585871782264012,0.522120154681522,"TFF3/IRF6/BIRC5",3
"DOID:2600","laryngeal carcinoma","3/425","26/8007",0.157250861803991,0.585871782264012,0.522120154681522,"MKI67/CCNB1/BIRC5",3
"DOID:2030","anxiety disorder","6/425","69/8007",0.158492289612727,0.587141891065328,0.523252056616179,"SLC6A2/ESR1/XBP1/TPH1/NPSR1/ADCYAP1R1",6
"DOID:438","autoimmune disease of the nervous system","5/425","55/8007",0.165807807669731,0.610772263280589,0.544311090298491,"CXCL13/CXCL10/ESR1/CACNA1S/DOK7",5
"DOID:4231","histiocytoma","2/425","14/8007",0.168189505105925,0.616064928814962,0.549027834526734,"MKI67/EZR",2
"DOID:2513","basal cell carcinoma","3/425","27/8007",0.170383058190421,0.61621321143129,0.5491599817728,"MUC1/KRT19/S100A9",3
"DOID:5157","benign pleural mesothelioma","4/425","41/8007",0.171054996672939,0.61621321143129,0.5491599817728,"MSLN/MKI67/NTS/BIRC5",4
"DOID:4138","bile duct disease","7/425","86/8007",0.171065324032306,0.61621321143129,0.5491599817728,"TAC1/CP/CDH1/FGF19/ESR1/MMP7/KRT18",7
"DOID:2952","inner ear disease","6/425","71/8007",0.173975379760559,0.623252459362003,0.555433254064943,"ATP6V1B1/HMX3/GJB6/FGF3/TMPRSS3/COL2A1",6
"DOID:10923","sickle cell anemia","4/425","42/8007",0.181712671524038,0.647413452643021,0.576965169291165,"KCNN4/ARG2/BCL11A/UGT2B7",4
"DOID:234","colon adenocarcinoma","3/425","28/8007",0.183815814018959,0.651347340980223,0.580470991638817,"CEACAM5/KRT7/ITGB4",3
"DOID:3948","adrenocortical carcinoma","2/425","15/8007",0.187609666588471,0.655577594580067,0.584240930268319,"CCNB1/SLC2A1",2
"DOID:4851","pilocytic astrocytoma","2/425","15/8007",0.187609666588471,0.655577594580067,0.584240930268319,"ERBB4/ERBB3",2
"DOID:0060049","autoimmune disease of urogenital tract","6/425","73/8007",0.190051255511128,0.655577594580067,0.584240930268319,"TFF3/CXCL10/KRT19/KRT18/IDO1/ENTPD2",6
"DOID:12236","primary biliary cirrhosis","6/425","73/8007",0.190051255511128,0.655577594580067,0.584240930268319,"TFF3/CXCL10/KRT19/KRT18/IDO1/ENTPD2",6
"DOID:5082","liver cirrhosis","15/425","220/8007",0.191255008263698,0.655577594580067,0.584240930268319,"TFF3/CXCL10/CDH1/BMP7/MMP7/KRT19/MKI67/KRT18/IDO1/VIPR1/BIRC5/CCNE1/MUC16/ENTPD2/ORM1",15
"DOID:0050567","orofacial cleft","4/425","43/8007",0.192583510164954,0.655577594580067,0.584240930268319,"GAD1/MSX1/IRF6/CDH1",4
"DOID:674","cleft palate","4/425","43/8007",0.192583510164954,0.655577594580067,0.584240930268319,"GAD1/MSX1/IRF6/CDH1",4
"DOID:3451","skin carcinoma","5/425","58/8007",0.193053524784314,0.655577594580067,0.584240930268319,"MUC1/KRT19/SLC2A1/FLG/S100A9",5
"DOID:3193","peripheral nerve sheath neoplasm","3/425","29/8007",0.197516766530336,0.667258713874502,0.594650968774177,"SOX9/FOXM1/SLC2A1",3
"DOID:5683","hereditary breast ovarian cancer","15/425","222/8007",0.200583164884548,0.67412486342642,0.60076997838454,"FGFR2/FOXA1/ERBB4/TP73/ESR1/UBE2T/KIF4A/TOP2A/KRT18/HOXA9/EGLN3/ASPM/EZH2/RBBP8/PLK1",15
"DOID:1459","hypothyroidism","4/425","44/8007",0.203651898042725,0.680928397558239,0.60683318607063,"TRH/PAX8/UCP2/CXCL11",4
"DOID:2526","prostate adenocarcinoma","2/425","16/8007",0.207315694347667,0.681015345943378,0.606910673168783,"BMP7/XBP1",2
"DOID:3265","chronic granulomatous disease","2/425","16/8007",0.207315694347667,0.681015345943378,0.606910673168783,"MECOM/IDO1",2
"DOID:5241","hemangioblastoma","2/425","16/8007",0.207315694347667,0.681015345943378,0.606910673168783,"PAX8/SLC6A2",2
"DOID:10907","microcephaly","3/425","30/8007",0.211454203361729,0.681015345943378,0.606910673168783,"SLC2A1/PAX6/ASPM",3
"DOID:1967","leiomyosarcoma","3/425","30/8007",0.211454203361729,0.681015345943378,0.606910673168783,"CDH1/TOP2A/BIRC5",3
"DOID:4230","smooth muscle cancer","3/425","30/8007",0.211454203361729,0.681015345943378,0.606910673168783,"CDH1/TOP2A/BIRC5",3
"DOID:5353","colonic disease","3/425","30/8007",0.211454203361729,0.681015345943378,0.606910673168783,"TAC1/IHH/S100A8",3
"DOID:4007","bladder carcinoma","5/425","60/8007",0.212033919059058,0.681015345943378,0.606910673168783,"FGFR2/SERPINB5/MYBL2/EZH2/AMBP",5
"DOID:9778","irritable bowel syndrome","6/425","76/8007",0.215173439160624,0.687711187905524,0.612877907206731,"CHGA/MUC1/SERPINB5/KRT19/XBP1/NPSR1",6
"DOID:974","upper respiratory tract disease","9/425","126/8007",0.225341850734382,0.708848115747928,0.631714820621337,"AQP5/FOXJ1/MUC6/TAC1/MUC1/SCGB1A1/OVGP1/MUC4/FLG",9
"DOID:4610","intestinal benign neoplasm","3/425","31/8007",0.225597186123934,0.708848115747928,0.631714820621337,"MUC1/SIM2/BIRC5",3
"DOID:5100","middle ear disease","3/425","31/8007",0.225597186123934,0.708848115747928,0.631714820621337,"MKI67/MUC5B/MUC4",3
"DOID:1508","candidiasis","2/425","17/8007",0.227222785569504,0.708848115747928,0.631714820621337,"CXCL10/SLPI",2
"DOID:47","prostate disease","2/425","17/8007",0.227222785569504,0.708848115747928,0.631714820621337,"KLK11/CDH1",2
"DOID:13580","cholestasis","5/425","62/8007",0.231580652109603,0.719002786549814,0.640764511100254,"TAC1/CP/FGF19/ESR1/MMP7",5
"DOID:660","adrenal cortex cancer","2/425","18/8007",0.247254296111478,0.760423589927752,0.677678110494219,"CCNB1/SLC2A1",2
"DOID:9428","intracranial hypertension","2/425","18/8007",0.247254296111478,0.760423589927752,0.677678110494219,"CXCL10/ADCYAP1R1",2
"DOID:0050736","autosomal dominant disease","25/425","409/8007",0.257812275391398,0.788716778530684,0.702892576281785,"MSX1/FGFR2/SIX1/FOXA1/TNNT1/ERBB4/CP/TP73/EYA1/ESR1/UBE2T/KIF4A/TOP2A/CKB/KRT18/HOXA9/EGLN3/GJB6/BIRC5/ASPM/EZH2/RBBP8/MUC16/FLG/PLK1",25
"DOID:4971","myelofibrosis","4/425","49/8007",0.261410331834381,0.788716778530684,0.702892576281785,"KRT7/TAC1/BMP7/SLC2A1",4
"DOID:421","hair disease","5/425","65/8007",0.261796004407212,0.788716778530684,0.702892576281785,"SOX9/ST14/KRT15/FLG/DSG4",5
"DOID:0060122","integumentary system cancer","7/425","98/8007",0.26366589198091,0.788716778530684,0.702892576281785,"FGFR2/MUC1/CEACAM1/KRT19/SLC2A1/FLG/S100A9",7
"DOID:4159","skin cancer","7/425","98/8007",0.26366589198091,0.788716778530684,0.702892576281785,"FGFR2/MUC1/CEACAM1/KRT19/SLC2A1/FLG/S100A9",7
"DOID:1542","head and neck carcinoma","15/425","235/8007",0.26594181087445,0.788716778530684,0.702892576281785,"TFAP2A/MAL/KRT10/TP73/CDH1/AKR1C3/KRT19/SERPINB13/MKI67/TYMS/GJB6/SLC2A1/BIRC5/IFI27/CCNE1",15
"DOID:214","teeth hard tissue disease","2/425","19/8007",0.267341116649204,0.788716778530684,0.702892576281785,"WDR72/FAM83H",2
"DOID:2876","laryngeal squamous cell carcinoma","2/425","19/8007",0.267341116649204,0.788716778530684,0.702892576281785,"CCNB1/BIRC5",2
"DOID:2986","IgA glomerulonephritis","2/425","19/8007",0.267341116649204,0.788716778530684,0.702892576281785,"LCN2/IL5RA",2
"DOID:4251","conjunctival disease","3/425","34/8007",0.268963681902878,0.78992937207512,0.703973221481218,"TFF3/IRF6/BIRC5",3
"DOID:0050624","gastrointestinal system benign neoplasm","4/425","50/8007",0.273337329354794,0.799174613180833,0.7122124418402,"S100P/MUC1/SIM2/BIRC5",4
"DOID:3083","chronic obstructive pulmonary disease","14/425","220/8007",0.279121437365985,0.812442755190278,0.724036811212518,"AQP5/PI3/DEFB1/SPINT1/CXCL10/SLPI/CKMT1B/SCGB1A1/KRT18/CXCL11/MUC5B/PDE4D/MUC16/XBP1",14
"DOID:12716","newborn respiratory distress syndrome","3/425","35/8007",0.283638195015176,0.814917083549155,0.726241895574966,"PI3/DMBT1/NPSR1",3
"DOID:3683","lung benign neoplasm","3/425","35/8007",0.283638195015176,0.814917083549155,0.726241895574966,"MKI67/SLC2A1/MST1R",3
"DOID:13406","pulmonary sarcoidosis","2/425","20/8007",0.287421091820226,0.814917083549155,0.726241895574966,"CXCL10/CXCL5",2
"DOID:452","pleomorphic adenoma","2/425","20/8007",0.287421091820226,0.814917083549155,0.726241895574966,"S100P/MUC1",2
"DOID:4676","uremia","2/425","20/8007",0.287421091820226,0.814917083549155,0.726241895574966,"CHGA/SLC2A1",2
"DOID:11934","head and neck cancer","15/425","239/8007",0.287470750331757,0.814917083549155,0.726241895574966,"TFAP2A/MAL/KRT10/TP73/CDH1/AKR1C3/KRT19/SERPINB13/MKI67/TYMS/GJB6/SLC2A1/BIRC5/IFI27/CCNE1",15
"DOID:0050621","respiratory system benign neoplasm","3/425","36/8007",0.298378194444711,0.838545615422206,0.747299289171872,"MKI67/SLC2A1/MST1R",3
"DOID:594","panic disorder","3/425","36/8007",0.298378194444711,0.838545615422206,0.747299289171872,"SLC6A2/ESR1/NPSR1",3
"DOID:10575","calcium metabolism disease","2/425","21/8007",0.307438479574485,0.849363935095612,0.75694041358214,"CLDN4/CLDN3",2
"DOID:3702","cervical adenocarcinoma","2/425","21/8007",0.307438479574485,0.849363935095612,0.75694041358214,"SLPI/CDX2",2
"DOID:3953","adrenal gland cancer","2/425","21/8007",0.307438479574485,0.849363935095612,0.75694041358214,"CCNB1/SLC2A1",2
"DOID:5940","malignant peripheral nerve sheath tumor","2/425","21/8007",0.307438479574485,0.849363935095612,0.75694041358214,"SOX9/FOXM1",2
"DOID:0050032","mineral metabolism disease","2/425","22/8007",0.327343448115024,0.885593062950188,0.789227269532619,"CLDN4/CLDN3",2
"DOID:10754","otitis media","2/425","22/8007",0.327343448115024,0.885593062950188,0.789227269532619,"MUC5B/MUC4",2
"DOID:11123","Henoch-Schoenlein purpura","2/425","22/8007",0.327343448115024,0.885593062950188,0.789227269532619,"CP/SCGB1A1",2
"DOID:1557","hypersensitivity reaction type III disease","2/425","22/8007",0.327343448115024,0.885593062950188,0.789227269532619,"CP/SCGB1A1",2
"DOID:9809","hypersensitivity vasculitis","2/425","22/8007",0.327343448115024,0.885593062950188,0.789227269532619,"CP/SCGB1A1",2
"DOID:3770","pulmonary fibrosis","8/425","123/8007",0.328875301610443,0.886060729958715,0.789644047363918,"DKK4/ERBB3/CXCL10/MUC1/MMP7/DKK1/MUC5B/S100A9",8
"DOID:9119","acute myeloid leukemia","7/425","107/8007",0.340486233755442,0.910358636760524,0.811297977868598,"MSLN/PLA2G4A/LCN2/CDX2/CCNB1/IDO1/BIRC5",7
"DOID:8692","myeloid leukemia","9/425","142/8007",0.34068636099627,0.910358636760524,0.811297977868598,"MSLN/MUC1/PLA2G4A/LCN2/CDX2/CCNB1/IDO1/BIRC5/ORM1",9
"DOID:1924","hypogonadism","3/425","39/8007",0.342750059120367,0.912134851210118,0.812880913574403,"GABRG3/FGF8/FGF9",3
"DOID:12554","hemolytic-uremic syndrome","2/425","23/8007",0.347091607975942,0.91993385528583,0.81983126916012,"C4BPA/CFB",2
"DOID:0070004","myeloma","19/425","323/8007",0.354244973193046,0.935091994015653,0.833339975293252,"KRT7/TAC1/CYP3A5/MUC1/BMP7/CCL20/LCN2/PDZK1/NQO1/HOXB7/CD9/SLC2A1/BIRC5/PTTG1/DKK1/XBP1/PMAIP1/AMBP/PLK1",19
"DOID:169","neuroendocrine tumor","2/425","24/8007",0.36664357693826,0.956206448654982,0.852156860925977,"SLC6A2/GGH",2
"DOID:6543","acne","2/425","24/8007",0.36664357693826,0.956206448654982,0.852156860925977,"LCN2/FLG",2
"DOID:9098","sebaceous gland disease","2/425","24/8007",0.36664357693826,0.956206448654982,0.852156860925977,"LCN2/FLG",2
"DOID:2320","obstructive lung disease","18/425","308/8007",0.370374195322794,0.959408866887558,0.855010808075447,"AQP5/PI3/DEFB1/SPINT1/CXCL10/SLPI/CKMT1B/SCGB1A1/KRT18/IDO1/CXCL11/MUC5B/PDE4D/MUC16/XBP1/IL5RA/NPSR1/CCL28",18
"DOID:3829","pituitary adenoma","4/425","58/8007",0.370814470024026,0.959408866887558,0.855010808075447,"SCGB1D2/CDH1/PTTG1/FZD6",4
"DOID:4960","bone marrow cancer","19/425","328/8007",0.379850225933832,0.978902558533038,0.872383294010715,"KRT7/TAC1/CYP3A5/MUC1/BMP7/CCL20/LCN2/PDZK1/NQO1/HOXB7/CD9/SLC2A1/BIRC5/PTTG1/DKK1/XBP1/PMAIP1/AMBP/PLK1",19
"DOID:4535","hypotrichosis","4/425","59/8007",0.383057834159156,0.983282314455786,0.87628646687051,"ST14/KRT15/FLG/DSG4",4
"DOID:11476","osteoporosis","6/425","96/8007",0.401263428677513,0.998918125996275,0.890220867855899,"FGFBP1/CA8/ESR1/BMP7/THSD4/DKK1",6
"DOID:5426","premature ovarian failure","3/425","43/8007",0.401466545848759,0.998918125996275,0.890220867855899,"ESR1/POU5F1/POF1B",3
"DOID:3978","extrinsic cardiomyopathy","2/425","26/8007",0.405024051780582,0.998918125996275,0.890220867855899,"CXADR/LCN2",2
"DOID:820","myocarditis","2/425","26/8007",0.405024051780582,0.998918125996275,0.890220867855899,"CXADR/LCN2",2
"DOID:0080011","bone resorption disease","6/425","97/8007",0.41087870605645,0.998918125996275,0.890220867855899,"FGFBP1/CA8/ESR1/BMP7/THSD4/DKK1",6
"DOID:381","arthropathy","6/425","97/8007",0.41087870605645,0.998918125996275,0.890220867855899,"MSX2/HGD/SLPI/BMP7/DKK1/COL2A1",6
"DOID:403","mouth disease","11/425","188/8007",0.414079919020571,0.998918125996275,0.890220867855899,"PROM1/DEFB1/WDR72/SLPI/ESR1/PAX9/CCL20/FAM83H/LCN2/S100A8/BIRC5",11
"DOID:3082","interstitial lung disease","10/425","170/8007",0.415673261921279,0.998918125996275,0.890220867855899,"DKK4/ERBB3/CXCL10/MUC1/MMP7/CXCL5/SCGB1A1/DKK1/MUC5B/S100A9",10
"DOID:3310","atopic dermatitis","9/425","152/8007",0.417179761959608,0.998918125996275,0.890220867855899,"DEFB1/TAC1/CXCL10/KLK7/IVL/SPINK5/FLG/NPSR1/CCL28",9
"DOID:11984","hypertrophic cardiomyopathy","4/425","62/8007",0.419580581997019,0.998918125996275,0.890220867855899,"TNNT1/ESR1/BIRC5/MUC16",4
"DOID:10908","hydrocephalus","1/425","10/8007",0.420567848059774,0.998918125996275,0.890220867855899,"ADCYAP1R1",1
"DOID:14256","adult-onset Still's disease","1/425","10/8007",0.420567848059774,0.998918125996275,0.890220867855899,"S100A9",1
"DOID:2340","craniosynostosis","1/425","10/8007",0.420567848059774,0.998918125996275,0.890220867855899,"FGFR2",1
"DOID:2438","dermis tumor","1/425","10/8007",0.420567848059774,0.998918125996275,0.890220867855899,"FGFR2",1
"DOID:4233","clear cell sarcoma","1/425","10/8007",0.420567848059774,0.998918125996275,0.890220867855899,"ERBB3",1
"DOID:4418","cutaneous fibrous histiocytoma","1/425","10/8007",0.420567848059774,0.998918125996275,0.890220867855899,"FGFR2",1
"DOID:8929","atrophic gastritis","1/425","10/8007",0.420567848059774,0.998918125996275,0.890220867855899,"CDX2",1
"DOID:9993","hypoglycemia","1/425","10/8007",0.420567848059774,0.998918125996275,0.890220867855899,"SLC2A1",1
"DOID:2723","dermatitis","11/425","189/8007",0.42098556443751,0.998918125996275,0.890220867855899,"CHGA/DEFB1/TAC1/CXCL10/KLK7/IVL/ITGB4/SPINK5/FLG/NPSR1/CCL28",11
"DOID:3748","esophagus squamous cell carcinoma","4/425","63/8007",0.43165095114485,0.998918125996275,0.890220867855899,"MAL/CCNB1/S100A8/S100A9",4
"DOID:13141","uveitis","2/425","28/8007",0.44225529413309,0.998918125996275,0.890220867855899,"CKB/LCN2",2
"DOID:8552","chronic myeloid leukemia","2/425","28/8007",0.44225529413309,0.998918125996275,0.890220867855899,"MUC1/ORM1",2
"DOID:8670","eating disorder","2/425","28/8007",0.44225529413309,0.998918125996275,0.890220867855899,"SLC6A2/TPH1",2
"DOID:9446","cholangitis","2/425","28/8007",0.44225529413309,0.998918125996275,0.890220867855899,"CDH1/KRT18",2
"DOID:1192","peripheral nervous system neoplasm","22/425","396/8007",0.443900471860629,0.998918125996275,0.890220867855899,"TFAP2A/SCGB3A1/PRAME/FOXA1/PROM1/ZMYND10/SOX9/SLC6A2/TAC1/TP73/CRABP2/HMGA1/FOXM1/TOP2A/STC2/NQO1/MYBL2/MAD2L1/SLC2A1/BIRC5/PMAIP1/ADCYAP1R1",22
"DOID:3480","uveal disease","3/425","46/8007",0.444531993431253,0.998918125996275,0.890220867855899,"CKB/LCN2/PAX6",3
"DOID:3602","toxic encephalopathy","3/425","46/8007",0.444531993431253,0.998918125996275,0.890220867855899,"CYP3A5/GRIA2/SLC2A1",3
"DOID:5520","head and neck squamous cell carcinoma","10/425","174/8007",0.444702498659035,0.998918125996275,0.890220867855899,"TFAP2A/KRT10/TP73/CDH1/AKR1C3/SERPINB13/MKI67/TYMS/IFI27/CCNE1",10
"DOID:1074","kidney failure","9/425","156/8007",0.447869178348509,0.998918125996275,0.890220867855899,"CHGA/MSLN/ESR1/LCN2/S100A8/SLC2A1/HNF1B/AMBP/S100A9",9
"DOID:11400","pyelonephritis","1/425","11/8007",0.45136172883689,0.998918125996275,0.890220867855899,"CXCL10",1
"DOID:2744","pyelitis","1/425","11/8007",0.45136172883689,0.998918125996275,0.890220867855899,"CXCL10",1
"DOID:4465","papillary renal cell carcinoma","1/425","11/8007",0.45136172883689,0.998918125996275,0.890220867855899,"KRT7",1
"DOID:4724","brain edema","1/425","11/8007",0.45136172883689,0.998918125996275,0.890220867855899,"SLC7A11",1
"DOID:10211","cholelithiasis","2/425","29/8007",0.460384073955517,0.998918125996275,0.890220867855899,"ESR1/CDX2",2
"DOID:11963","esophagitis","2/425","29/8007",0.460384073955517,0.998918125996275,0.890220867855899,"MKI67/DKK1",2
"DOID:13189","gout","2/425","29/8007",0.460384073955517,0.998918125996275,0.890220867855899,"PLA2G4A/HNF1B",2
"DOID:11335","sarcoidosis","5/425","84/8007",0.462811680604562,0.998918125996275,0.890220867855899,"CXCL10/CXCL5/SCGB1A1/S100A8/S100A9",5
"DOID:0050701","electroclinical syndrome","2/425","30/8007",0.47816477899793,0.998918125996275,0.890220867855899,"CACNA1E/SLC2A1",2
"DOID:0060082","breast benign neoplasm","1/425","12/8007",0.480522717486755,0.998918125996275,0.890220867855899,"MUC1",1
"DOID:0060097","thoracic benign neoplasm","1/425","12/8007",0.480522717486755,0.998918125996275,0.890220867855899,"MUC1",1
"DOID:3500","gallbladder adenocarcinoma","1/425","12/8007",0.480522717486755,0.998918125996275,0.890220867855899,"LAMC2",1
"DOID:4305","bone giant cell tumor","1/425","12/8007",0.480522717486755,0.998918125996275,0.890220867855899,"BIRC5",1
"DOID:6196","reactive arthritis","1/425","12/8007",0.480522717486755,0.998918125996275,0.890220867855899,"CXCL10",1
"DOID:7188","autoimmune thyroiditis","1/425","12/8007",0.480522717486755,0.998918125996275,0.890220867855899,"CXCL10",1
"DOID:8502","bullous skin disease","1/425","12/8007",0.480522717486755,0.998918125996275,0.890220867855899,"ITGB4",1
"DOID:962","neurofibroma","1/425","12/8007",0.480522717486755,0.998918125996275,0.890220867855899,"SOX9",1
"DOID:10241","thalassemia","3/425","49/8007",0.48632750308426,0.998918125996275,0.890220867855899,"MUC1/LCN2/DKK1",3
"DOID:9952","acute lymphocytic leukemia","3/425","49/8007",0.48632750308426,0.998918125996275,0.890220867855899,"TAC1/TOP2A/TSGA10",3
"DOID:9744","type 1 diabetes mellitus","2/425","31/8007",0.495583233678895,0.998918125996275,0.890220867855899,"CXCL10/SLC2A1",2
"DOID:627","severe combined immunodeficiency","3/425","50/8007",0.499922620556354,0.998918125996275,0.890220867855899,"EPCAM/PROM1/HOXB4",3
"DOID:2916","hypersensitivity reaction type IV disease","5/425","88/8007",0.504051545876379,0.998918125996275,0.890220867855899,"CXCL10/CXCL5/SCGB1A1/S100A8/S100A9",5
"DOID:4045","muscle cancer","6/425","107/8007",0.505401782013709,0.998918125996275,0.890220867855899,"CDH1/TOP2A/CXCL11/BUB1B/BIRC5/EZR",6
"DOID:1089","tethered spinal cord syndrome","1/425","13/8007",0.508137207176327,0.998918125996275,0.890220867855899,"SLC2A1",1
"DOID:12895","keratoconjunctivitis sicca","1/425","13/8007",0.508137207176327,0.998918125996275,0.890220867855899,"AQP5",1
"DOID:13608","biliary atresia","1/425","13/8007",0.508137207176327,0.998918125996275,0.890220867855899,"MMP7",1
"DOID:13774","Addison's disease","1/425","13/8007",0.508137207176327,0.998918125996275,0.890220867855899,"CHGA",1
"DOID:8584","Burkitt lymphoma","1/425","13/8007",0.508137207176327,0.998918125996275,0.890220867855899,"PBK",1
"DOID:9368","keratoconjunctivitis","1/425","13/8007",0.508137207176327,0.998918125996275,0.890220867855899,"AQP5",1
"DOID:10595","Charcot-Marie-Tooth disease","2/425","32/8007",0.512627739004728,0.998918125996275,0.890220867855899,"TNNT1/ERBB3",2
"DOID:2797","idiopathic interstitial pneumonia","2/425","32/8007",0.512627739004728,0.998918125996275,0.890220867855899,"MUC1/MMP7",2
"DOID:2277","gonadal disease","4/425","70/8007",0.513763268874285,0.998918125996275,0.890220867855899,"AKR1C3/GABRG3/FGF8/FGF9",4
"DOID:635","acquired immunodeficiency syndrome","4/425","71/8007",0.52506207906329,0.998918125996275,0.890220867855899,"CXCL10/CDH1/SLPI/CXCL11",4
"DOID:12858","Huntington's disease","3/425","52/8007",0.526550678923566,0.998918125996275,0.890220867855899,"MSX1/CP/CKB",3
"DOID:628","combined T cell and B cell immunodeficiency","3/425","52/8007",0.526550678923566,0.998918125996275,0.890220867855899,"EPCAM/PROM1/HOXB4",3
"DOID:1094","attention deficit hyperactivity disorder","2/425","33/8007",0.529288850684623,0.998918125996275,0.890220867855899,"SLC6A2/TPH1",2
"DOID:10140","dry eye syndrome","1/425","14/8007",0.534287030412512,0.998918125996275,0.890220867855899,"AQP5",1
"DOID:121","vaginal disease","1/425","14/8007",0.534287030412512,0.998918125996275,0.890220867855899,"PI3",1
"DOID:12241","beta thalassemia","1/425","14/8007",0.534287030412512,0.998918125996275,0.890220867855899,"LCN2",1
"DOID:12689","acoustic neuroma","1/425","14/8007",0.534287030412512,0.998918125996275,0.890220867855899,"ESR1",1
"DOID:1400","lacrimal apparatus disease","1/425","14/8007",0.534287030412512,0.998918125996275,0.890220867855899,"AQP5",1
"DOID:2170","vaginitis","1/425","14/8007",0.534287030412512,0.998918125996275,0.890220867855899,"PI3",1
"DOID:2945","severe acute respiratory syndrome","1/425","14/8007",0.534287030412512,0.998918125996275,0.890220867855899,"CXCL10",1
"DOID:3385","bacterial vaginosis","1/425","14/8007",0.534287030412512,0.998918125996275,0.890220867855899,"PI3",1
"DOID:5408","Paget's disease of bone","1/425","14/8007",0.534287030412512,0.998918125996275,0.890220867855899,"DKK1",1
"DOID:6204","follicular adenoma","1/425","14/8007",0.534287030412512,0.998918125996275,0.890220867855899,"LCN2",1
"DOID:8541","Sezary's disease","1/425","14/8007",0.534287030412512,0.998918125996275,0.890220867855899,"CXCL13",1
"DOID:9563","bronchiectasis","1/425","14/8007",0.534287030412512,0.998918125996275,0.890220867855899,"SCNN1G",1
"DOID:10871","age related macular degeneration","4/425","72/8007",0.536233527226715,0.998918125996275,0.890220867855899,"PROM1/MMP7/KLF5/CFB",4
"DOID:2007","degeneration of macula and posterior pole","4/425","72/8007",0.536233527226715,0.998918125996275,0.890220867855899,"PROM1/MMP7/KLF5/CFB",4
"DOID:7166","thyroiditis","3/425","53/8007",0.539567702467379,0.998918125996275,0.890220867855899,"CXCL10/KRT19/CXCL11",3
"DOID:9538","multiple myeloma","14/425","264/8007",0.541593764620689,0.998918125996275,0.890220867855899,"CYP3A5/MUC1/CCL20/PDZK1/NQO1/HOXB7/CD9/BIRC5/PTTG1/DKK1/XBP1/PMAIP1/AMBP/PLK1",14
"DOID:811","lipodystrophy","2/425","34/8007",0.545559173733482,0.998918125996275,0.890220867855899,"SLC29A2/CRABP2",2
"DOID:12603","acute leukemia","6/425","112/8007",0.550648200645715,0.998918125996275,0.890220867855899,"PRAME/PROM1/CYP3A5/BIRC5/CCNE1/EZH2",6
"DOID:4448","macular degeneration","4/425","74/8007",0.558173127141148,0.998918125996275,0.890220867855899,"PROM1/MMP7/KLF5/CFB",4
"DOID:0060101","benign glioma","1/425","15/8007",0.559049699257086,0.998918125996275,0.890220867855899,"SOX9",1
"DOID:10493","adrenal cortical hypofunction","1/425","15/8007",0.559049699257086,0.998918125996275,0.890220867855899,"CHGA",1
"DOID:11383","cryptorchidism","1/425","15/8007",0.559049699257086,0.998918125996275,0.890220867855899,"ESR1",1
"DOID:1148","polydactyly","1/425","15/8007",0.559049699257086,0.998918125996275,0.890220867855899,"FGFR2",1
"DOID:11949","Creutzfeldt-Jakob disease","1/425","15/8007",0.559049699257086,0.998918125996275,0.890220867855899,"CHGA",1
"DOID:12129","bulimia nervosa","1/425","15/8007",0.559049699257086,0.998918125996275,0.890220867855899,"TPH1",1
"DOID:1395","schistosomiasis","1/425","15/8007",0.559049699257086,0.998918125996275,0.890220867855899,"KRT18",1
"DOID:1884","viral hepatitis","1/425","15/8007",0.559049699257086,0.998918125996275,0.890220867855899,"CCL20",1
"DOID:2891","thyroid adenoma","1/425","15/8007",0.559049699257086,0.998918125996275,0.890220867855899,"LCN2",1
"DOID:4621","holoprosencephaly","1/425","15/8007",0.559049699257086,0.998918125996275,0.890220867855899,"ZIC2",1
"DOID:4844","benign ependymoma","1/425","15/8007",0.559049699257086,0.998918125996275,0.890220867855899,"SOX9",1
"DOID:8469","influenza","6/425","113/8007",0.559474858430163,0.998918125996275,0.890220867855899,"DMBT1/TMPRSS4/TMPRSS2/CXCL10/TMPRSS13/TMPRSS11D",6
"DOID:18","urinary system disease","25/425","478/8007",0.562126320096279,0.998918125996275,0.890220867855899,"SIX1/ATP6V1B1/CHGA/CXCL13/MSLN/SCNN1A/DNAAF1/CYP3A5/CXCL10/MUC1/ESR1/LRP2/SCNN1G/UBD/KRT18/LCN2/IDO1/S100A8/SLC2A1/HNF1B/PDE4D/MUC16/IL5RA/AMBP/S100A9",25
"DOID:1176","bronchial disease","8/425","153/8007",0.56947270115331,0.998918125996275,0.890220867855899,"CXCL10/SLPI/SCNN1G/IDO1/IL5RA/NPSR1/CCL28/S100A9",8
"DOID:557","kidney disease","24/425","461/8007",0.571440190709326,0.998918125996275,0.890220867855899,"SIX1/ATP6V1B1/CHGA/CXCL13/MSLN/SCNN1A/DNAAF1/CYP3A5/CXCL10/ESR1/LRP2/SCNN1G/UBD/KRT18/LCN2/IDO1/S100A8/SLC2A1/HNF1B/PDE4D/MUC16/IL5RA/AMBP/S100A9",24
"DOID:526","Human immunodeficiency virus infectious disease","9/425","173/8007",0.573960425756403,0.998918125996275,0.890220867855899,"CXCL13/CXCL10/CDH1/SLPI/ESR1/MMP7/VIPR1/CXCL11/BIRC5",9
"DOID:229","female reproductive system disease","10/425","193/8007",0.578192561416577,0.998918125996275,0.890220867855899,"PI3/CXCL13/ESR1/POU5F1/MMP7/CXCL5/MKI67/POF1B/BIRC5/MST1R",10
"DOID:15","reproductive system disease","20/425","386/8007",0.579196249309139,0.998918125996275,0.890220867855899,"KLK11/PI3/CXCL13/CDH1/MUC1/ESR1/POU5F1/MMP7/AKR1C3/CXCL5/MKI67/BUB1/POF1B/YBX2/CD9/BIRC5/REC8/MST1R/PRSS21/MUC4",20
"DOID:1564","fungal infectious disease","4/425","76/8007",0.57954372966846,0.998918125996275,0.890220867855899,"DEFB1/CXCL10/SLPI/S100A8",4
"DOID:10808","gastric ulcer","1/425","16/8007",0.582498632917714,0.998918125996275,0.890220867855899,"POU5F1",1
"DOID:11729","Lyme disease","1/425","16/8007",0.582498632917714,0.998918125996275,0.890220867855899,"CXCL11",1
"DOID:1679","cystitis","1/425","16/8007",0.582498632917714,0.998918125996275,0.890220867855899,"MUC1",1
"DOID:2256","osteochondrodysplasia","1/425","16/8007",0.582498632917714,0.998918125996275,0.890220867855899,"COL9A2",1
"DOID:3319","lymphangioleiomyomatosis","1/425","16/8007",0.582498632917714,0.998918125996275,0.890220867855899,"LAMC2",1
"DOID:255","hemangioma","2/425","37/8007",0.591978309510666,0.998918125996275,0.890220867855899,"PAX8/SLC6A2",2
"DOID:10487","Hirschsprung's disease","1/425","17/8007",0.604703373376977,0.998918125996275,0.890220867855899,"IHH",1
"DOID:11971","synostosis","1/425","17/8007",0.604703373376977,0.998918125996275,0.890220867855899,"FGFR2",1
"DOID:11983","Prader-Willi syndrome","1/425","17/8007",0.604703373376977,0.998918125996275,0.890220867855899,"GABRG3",1
"DOID:1206","Rett syndrome","1/425","17/8007",0.604703373376977,0.998918125996275,0.890220867855899,"DLX5",1
"DOID:1273","respiratory syncytial virus infectious disease","1/425","17/8007",0.604703373376977,0.998918125996275,0.890220867855899,"SCGB1A1",1
"DOID:171","neuroectodermal tumor","1/425","17/8007",0.604703373376977,0.998918125996275,0.890220867855899,"TYMS",1
"DOID:1882","atrial heart septal defect","1/425","17/8007",0.604703373376977,0.998918125996275,0.890220867855899,"TBX20",1
"DOID:2055","post-traumatic stress disorder","1/425","17/8007",0.604703373376977,0.998918125996275,0.890220867855899,"ADCYAP1R1",1
"DOID:240","iris disease","1/425","17/8007",0.604703373376977,0.998918125996275,0.890220867855899,"PAX6",1
"DOID:8689","anorexia nervosa","1/425","17/8007",0.604703373376977,0.998918125996275,0.890220867855899,"SLC6A2",1
"DOID:8923","skin melanoma","1/425","17/8007",0.604703373376977,0.998918125996275,0.890220867855899,"CEACAM1",1
"DOID:9477","pulmonary embolism","1/425","17/8007",0.604703373376977,0.998918125996275,0.890220867855899,"TNNT1",1
"DOID:783","end stage renal failure","2/425","38/8007",0.606646157281134,0.998918125996275,0.890220867855899,"CHGA/ESR1",2
"DOID:9261","nasopharynx carcinoma","2/425","38/8007",0.606646157281134,0.998918125996275,0.890220867855899,"CCNB1/BIRC5",2
"DOID:4481","allergic rhinitis","5/425","99/8007",0.60998672672679,0.998918125996275,0.890220867855899,"AQP5/FOXJ1/TAC1/SCGB1A1/FLG",5
"DOID:3247","rhabdomyosarcoma","4/425","79/8007",0.610464265831708,0.998918125996275,0.890220867855899,"CDH1/CXCL11/BUB1B/EZR",4
"DOID:4195","hyperglycemia","7/425","139/8007",0.611902251213144,0.998918125996275,0.890220867855899,"DEFB1/UCP2/ITGB4/SLC2A1/BIRC5/HNF1B/CFB",7
"DOID:110","lens disease","3/425","59/8007",0.613135369232882,0.998918125996275,0.890220867855899,"GCNT2/SLC16A12/PAX6",3
"DOID:83","cataract","3/425","59/8007",0.613135369232882,0.998918125996275,0.890220867855899,"GCNT2/SLC16A12/PAX6",3
"DOID:50","thyroid gland disease","8/425","159/8007",0.613554267277811,0.998918125996275,0.890220867855899,"TRH/PAX8/CHGA/CXCL10/UCP2/KRT19/LRP2/CXCL11",8
"DOID:2621","autonomic nervous system neoplasm","19/425","375/8007",0.618830095167965,0.998918125996275,0.890220867855899,"TFAP2A/SCGB3A1/PRAME/FOXA1/PROM1/ZMYND10/SLC6A2/TAC1/TP73/CRABP2/HMGA1/TOP2A/STC2/NQO1/MYBL2/MAD2L1/BIRC5/PMAIP1/ADCYAP1R1",19
"DOID:769","neuroblastoma","19/425","375/8007",0.618830095167965,0.998918125996275,0.890220867855899,"TFAP2A/SCGB3A1/PRAME/FOXA1/PROM1/ZMYND10/SLC6A2/TAC1/TP73/CRABP2/HMGA1/TOP2A/STC2/NQO1/MYBL2/MAD2L1/BIRC5/PMAIP1/ADCYAP1R1",19
"DOID:2473","opportunistic mycosis","2/425","39/8007",0.62091081123577,0.998918125996275,0.890220867855899,"CXCL10/SLPI",2
"DOID:583","hemolytic anemia","3/425","60/8007",0.624601766134883,0.998918125996275,0.890220867855899,"SLC2A1/C4BPA/CFB",3
"DOID:720","normocytic anemia","3/425","60/8007",0.624601766134883,0.998918125996275,0.890220867855899,"SLC2A1/C4BPA/CFB",3
"DOID:0050743","mature T-cell and NK-cell lymphoma","1/425","18/8007",0.625729789686712,0.998918125996275,0.890220867855899,"CXCL13",1
"DOID:0050749","peripheral T-cell lymphoma","1/425","18/8007",0.625729789686712,0.998918125996275,0.890220867855899,"CXCL13",1
"DOID:0060061","cutaneous T cell lymphoma","1/425","18/8007",0.625729789686712,0.998918125996275,0.890220867855899,"CXCL13",1
"DOID:10325","silicosis","1/425","18/8007",0.625729789686712,0.998918125996275,0.890220867855899,"SCGB1A1",1
"DOID:200","giant cell tumor","1/425","18/8007",0.625729789686712,0.998918125996275,0.890220867855899,"BIRC5",1
"DOID:302","substance abuse","1/425","18/8007",0.625729789686712,0.998918125996275,0.890220867855899,"GRIN3B",1
"DOID:3479","uveal cancer","1/425","18/8007",0.625729789686712,0.998918125996275,0.890220867855899,"MKI67",1
"DOID:365","bladder disease","1/425","18/8007",0.625729789686712,0.998918125996275,0.890220867855899,"MUC1",1
"DOID:6039","uveal melanoma","1/425","18/8007",0.625729789686712,0.998918125996275,0.890220867855899,"MKI67",1
"DOID:2163","nasal cavity disease","5/425","101/8007",0.627797901468955,0.998918125996275,0.890220867855899,"AQP5/FOXJ1/TAC1/SCGB1A1/FLG",5
"DOID:2825","nose disease","5/425","101/8007",0.627797901468955,0.998918125996275,0.890220867855899,"AQP5/FOXJ1/TAC1/SCGB1A1/FLG",5
"DOID:4483","rhinitis","5/425","101/8007",0.627797901468955,0.998918125996275,0.890220867855899,"AQP5/FOXJ1/TAC1/SCGB1A1/FLG",5
"DOID:1091","tooth disease","8/425","162/8007",0.63469296405735,0.998918125996275,0.890220867855899,"PROM1/DEFB1/WDR72/ESR1/PAX9/CCL20/FAM83H/S100A8",8
"DOID:0060119","pharynx cancer","2/425","40/8007",0.634773649924147,0.998918125996275,0.890220867855899,"CCNB1/BIRC5",2
"DOID:12704","ataxia telangiectasia","2/425","40/8007",0.634773649924147,0.998918125996275,0.890220867855899,"BIK/PLK1",2
"DOID:896","metal metabolism disorder","2/425","40/8007",0.634773649924147,0.998918125996275,0.890220867855899,"TRH/CACNA1S",2
"DOID:1036","chronic leukemia","11/425","223/8007",0.643601244876401,0.998918125996275,0.890220867855899,"PRAME/CXCL13/TP73/CDH1/FOXM1/MKI67/LCN2/BIRC5/BCL11A/PMAIP1/PLK1",11
"DOID:10930","borderline personality disorder","1/425","19/8007",0.645640271522129,0.998918125996275,0.890220867855899,"TPH1",1
"DOID:11372","megacolon","1/425","19/8007",0.645640271522129,0.998918125996275,0.890220867855899,"IHH",1
"DOID:3246","embryonal rhabdomyosarcoma","1/425","19/8007",0.645640271522129,0.998918125996275,0.890220867855899,"BUB1B",1
"DOID:0060060","non-Hodgkin lymphoma","2/425","41/8007",0.648237039620119,0.998918125996275,0.890220867855899,"CXCL13/PBK",2
"DOID:4043","skeletal muscle cancer","4/425","83/8007",0.649449425116062,0.998918125996275,0.890220867855899,"CDH1/CXCL11/BUB1B/EZR",4
"DOID:3371","chondrosarcoma","3/425","63/8007",0.657588525680613,0.998918125996275,0.890220867855899,"FGFR2/SOX9/IHH",3
"DOID:715","T-cell leukemia","3/425","63/8007",0.657588525680613,0.998918125996275,0.890220867855899,"MUC1/MMP7/DKK1",3
"DOID:5223","infertility","10/425","206/8007",0.660880614642634,0.998918125996275,0.890220867855899,"CDH1/MUC1/ESR1/BUB1/YBX2/CD9/BIRC5/REC8/PRSS21/MUC4",10
"DOID:1037","lymphoblastic leukemia","22/425","443/8007",0.661031583666293,0.998918125996275,0.890220867855899,"PRAME/CXCL13/SLC29A2/TAC1/CEACAM6/CYP3A5/TP73/MUC1/MMP7/KCNRG/MKI67/TOP2A/GRB7/TYMS/GGH/NQO1/CDX2/TSGA10/CD9/DKK1/PDE4D/PMAIP1",22
"DOID:0050136","systemic mycosis","2/425","42/8007",0.661304226061072,0.998918125996275,0.890220867855899,"CXCL10/SLPI",2
"DOID:1319","brain cancer","2/425","42/8007",0.661304226061072,0.998918125996275,0.890220867855899,"PROM1/BIRC5",2
"DOID:10883","herpangina","1/425","20/8007",0.664493912559072,0.998918125996275,0.890220867855899,"S100A8",1
"DOID:12252","Cushing's syndrome","1/425","20/8007",0.664493912559072,0.998918125996275,0.890220867855899,"FGF19",1
"DOID:1510","personality disorder","1/425","20/8007",0.664493912559072,0.998918125996275,0.890220867855899,"TPH1",1
"DOID:1920","hyperuricemia","1/425","20/8007",0.664493912559072,0.998918125996275,0.890220867855899,"HNF1B",1
"DOID:3302","chordoma","1/425","20/8007",0.664493912559072,0.998918125996275,0.890220867855899,"MUC1",1
"DOID:3303","notochordal cancer","1/425","20/8007",0.664493912559072,0.998918125996275,0.890220867855899,"MUC1",1
"DOID:8632","Kaposi's sarcoma","1/425","20/8007",0.664493912559072,0.998918125996275,0.890220867855899,"MKI67",1
"DOID:1100","ovarian disease","3/425","64/8007",0.668109936430811,0.998918125996275,0.890220867855899,"ESR1/POU5F1/POF1B",3
"DOID:543","dystonia","2/425","43/8007",0.673979234851917,0.998918125996275,0.890220867855899,"CP/KLHL14",2
"DOID:2377","multiple sclerosis","8/425","169/8007",0.681429841280819,0.998918125996275,0.890220867855899,"GAD1/CXCL10/CKB/CDX2/IDO1/IFI27/MST1R/IL5RA",8
"DOID:10113","trypanosomiasis","1/425","21/8007",0.682346684208301,0.998918125996275,0.890220867855899,"CXCL10",1
"DOID:11724","limb-girdle muscular dystrophy","1/425","21/8007",0.682346684208301,0.998918125996275,0.890220867855899,"SPATA18",1
"DOID:1921","Klinefelter's syndrome","1/425","21/8007",0.682346684208301,0.998918125996275,0.890220867855899,"FGF8",1
"DOID:4752","multiple system atrophy","1/425","21/8007",0.682346684208301,0.998918125996275,0.890220867855899,"PPP1R1B",1
"DOID:700","mitochondrial metabolism disease","1/425","21/8007",0.682346684208301,0.998918125996275,0.890220867855899,"MB",1
"DOID:8283","peritonitis","1/425","21/8007",0.682346684208301,0.998918125996275,0.890220867855899,"LCN2",1
"DOID:9743","diabetic neuropathy","1/425","21/8007",0.682346684208301,0.998918125996275,0.890220867855899,"UCP2",1
"DOID:0050700","cardiomyopathy","7/425","149/8007",0.684092333024549,0.998918125996275,0.890220867855899,"CXADR/TNNT1/CHGA/ESR1/LCN2/BIRC5/MUC16",7
"DOID:552","pneumonia","5/425","108/8007",0.686135557250775,0.998918125996275,0.890220867855899,"TAC1/MUC1/SLPI/MMP7/MUC5B",5
"DOID:289","endometriosis","4/425","88/8007",0.694414739415573,0.998918125996275,0.890220867855899,"MMP7/CXCL5/BIRC5/MST1R",4
"DOID:11830","myopia","2/425","45/8007",0.698172179466814,0.998918125996275,0.890220867855899,"PAX6/COL2A1",2
"DOID:1443","cerebral degeneration","3/425","67/8007",0.698250073505551,0.998918125996275,0.890220867855899,"LMNB1/XBP1/ADCYAP1R1",3
"DOID:13089","intracranial arterial disease","1/425","22/8007",0.699251600212743,0.998918125996275,0.890220867855899,"CRABP1",1
"DOID:3181","oligodendroglioma","1/425","22/8007",0.699251600212743,0.998918125996275,0.890220867855899,"MAL2",1
"DOID:3527","cerebral arterial disease","1/425","22/8007",0.699251600212743,0.998918125996275,0.890220867855899,"CRABP1",1
"DOID:649","prion disease","1/425","22/8007",0.699251600212743,0.998918125996275,0.890220867855899,"CHGA",1
"DOID:6741","bilateral breast cancer","1/425","22/8007",0.699251600212743,0.998918125996275,0.890220867855899,"TMPRSS3",1
"DOID:230","lateral sclerosis","5/425","111/8007",0.709161201565763,0.998918125996275,0.890220867855899,"CHGA/CP/GRIA2/GRIN3B/CACNA1S",5
"DOID:870","neuropathy","9/425","194/8007",0.709246743193688,0.998918125996275,0.890220867855899,"TNNT1/CXCL13/ERBB3/CXCL10/ESR1/UCP2/CACNA1S/PAX6/DOK7",9
"DOID:3952","adrenal cortex disease","2/425","46/8007",0.709701278832067,0.998918125996275,0.890220867855899,"CHGA/FGF19",2
"DOID:11723","Duchenne muscular dystrophy","1/425","23/8007",0.715258872587143,0.998918125996275,0.890220867855899,"PROM1",1
"DOID:2048","autoimmune hepatitis","1/425","23/8007",0.715258872587143,0.998918125996275,0.890220867855899,"KRT18",1
"DOID:706","mature B-cell neoplasm","1/425","23/8007",0.715258872587143,0.998918125996275,0.890220867855899,"PBK",1
"DOID:707","B-cell lymphoma","1/425","23/8007",0.715258872587143,0.998918125996275,0.890220867855899,"PBK",1
"DOID:3069","astrocytoma","5/425","112/8007",0.716568351141466,0.998918125996275,0.890220867855899,"PROM1/ERBB4/ERBB3/MMP7/BIRC5",5
"DOID:12894","Sjogren's syndrome","3/425","69/8007",0.717164419297392,0.998918125996275,0.890220867855899,"MUC1/MUC16/COL17A1",3
"DOID:3213","demyelinating disease","8/425","175/8007",0.718419010741105,0.998918125996275,0.890220867855899,"GAD1/CXCL10/CKB/CDX2/IDO1/IFI27/MST1R/IL5RA",8
"DOID:0050622","reproductive organ benign neoplasm","2/425","47/8007",0.720860379857071,0.998918125996275,0.890220867855899,"SOX9/ESR1",2
"DOID:9553","adrenal gland disease","2/425","47/8007",0.720860379857071,0.998918125996275,0.890220867855899,"CHGA/FGF19",2
"DOID:10591","pre-eclampsia","13/425","278/8007",0.722447266153381,0.998918125996275,0.890220867855899,"TFAP2A/SLC29A2/SLC6A2/CP/CXCL10/ESR1/TFAP2C/ARG2/PAPPA2/STOX1/LCN2/IDO1/MUC16",13
"DOID:2841","asthma","6/425","134/8007",0.722743796826359,0.998918125996275,0.890220867855899,"CXCL10/SLPI/IDO1/IL5RA/NPSR1/CCL28",6
"DOID:3312","bipolar disorder","7/425","156/8007",0.729236783491683,0.998918125996275,0.890220867855899,"SLC6A2/ESR1/TRPV6/NPAS3/SYN2/XBP1/PPP1R1B",7
"DOID:0060036","intrinsic cardiomyopathy","6/425","135/8007",0.729350021193314,0.998918125996275,0.890220867855899,"CXADR/TNNT1/CHGA/ESR1/BIRC5/MUC16",6
"DOID:0080014","chromosomal disease","6/425","135/8007",0.729350021193314,0.998918125996275,0.890220867855899,"SIM2/GRB7/GABRG3/FGF8/ASPM/IGF2BP3",6
"DOID:1681","heart septal defect","1/425","24/8007",0.730416059354486,0.998918125996275,0.890220867855899,"TBX20",1
"DOID:3907","lung squamous cell carcinoma","1/425","24/8007",0.730416059354486,0.998918125996275,0.890220867855899,"BIRC5",1
"DOID:345","uterine disease","2/425","48/8007",0.73165617619746,0.998918125996275,0.890220867855899,"CXCL13/MKI67",2
"DOID:10747","lymphoid leukemia","3/425","72/8007",0.743797330647225,0.998918125996275,0.890220867855899,"MUC1/MMP7/DKK1",3
"DOID:0060118","thoracic disease","1/425","25/8007",0.744768204509733,0.998918125996275,0.890220867855899,"ESR1",1
"DOID:13810","familial hypercholesterolemia","1/425","25/8007",0.744768204509733,0.998918125996275,0.890220867855899,"CRABP2",1
"DOID:14069","cerebral malaria","1/425","25/8007",0.744768204509733,0.998918125996275,0.890220867855899,"CXCL10",1
"DOID:1934","dysostosis","1/425","25/8007",0.744768204509733,0.998918125996275,0.890220867855899,"FGFR2",1
"DOID:3463","breast disease","1/425","25/8007",0.744768204509733,0.998918125996275,0.890220867855899,"ESR1",1
"DOID:1826","epilepsy syndrome","9/425","201/8007",0.747598487779026,0.998918125996275,0.890220867855899,"GAD1/GRIA2/UCP2/PCDH19/PRODH/EMX2/CACNA1E/SLC2A1/SYN2",9
"DOID:205","hyperostosis","1/425","26/8007",0.758357970618899,0.998918125996275,0.890220867855899,"DKK1",1
"DOID:3192","neurilemmoma","1/425","26/8007",0.758357970618899,0.998918125996275,0.890220867855899,"ESR1",1
"DOID:9471","meningitis","1/425","26/8007",0.758357970618899,0.998918125996275,0.890220867855899,"CXCL5",1
"DOID:986","alopecia areata","1/425","26/8007",0.758357970618899,0.998918125996275,0.890220867855899,"FLG",1
"DOID:0080005","bone remodeling disease","6/425","141/8007",0.766658628506773,0.998918125996275,0.890220867855899,"FGFBP1/CA8/ESR1/BMP7/THSD4/DKK1",6
"DOID:10159","osteonecrosis","1/425","27/8007",0.771225764440096,0.998918125996275,0.890220867855899,"DKK1",1
"DOID:2978","carbohydrate metabolic disorder","1/425","27/8007",0.771225764440096,0.998918125996275,0.890220867855899,"UGT8",1
"DOID:9415","allergic asthma","2/425","52/8007",0.771350731621052,0.998918125996275,0.890220867855899,"SLPI/NPSR1",2
"DOID:987","alopecia","2/425","52/8007",0.771350731621052,0.998918125996275,0.890220867855899,"KRT15/FLG",2
"DOID:480","movement disease","3/425","76/8007",0.776158749047431,0.998918125996275,0.890220867855899,"GAD1/CP/KLHL14",3
"DOID:3070","malignant glioma","9/425","207/8007",0.777596868658208,0.998918125996275,0.890220867855899,"MAL2/PROM1/ERBB4/ERBB3/MMP7/SPINT2/CCL20/BIRC5/CCNE1",9
"DOID:936","brain disease","21/425","454/8007",0.777614587945433,0.998918125996275,0.890220867855899,"GAD1/CHGA/CP/CXCL10/ESR1/GRIA2/KLHL14/UCP2/PCDH19/SAT1/PRODH/EMX2/LMNB1/CACNA1E/SLC2A1/RIMS2/SYN2/SLC7A11/XBP1/TPH1/ADCYAP1R1",21
"DOID:2001","neuroma","1/425","28/8007",0.783409855932948,0.998918125996275,0.890220867855899,"ESR1",1
"DOID:10584","retinitis pigmentosa","3/425","77/8007",0.783705506283917,0.998918125996275,0.890220867855899,"PROM1/CERKL/RP1",3
"DOID:1123","spondyloarthropathy","3/425","77/8007",0.783705506283917,0.998918125996275,0.890220867855899,"MSX2/SLPI/DKK1",3
"DOID:13378","Kawasaki disease","2/425","54/8007",0.78921190705321,0.998918125996275,0.890220867855899,"S100A8/S100A9",2
"DOID:0050735","X-linked disease","1/425","29/8007",0.79494649100357,0.998918125996275,0.890220867855899,"FLG",1
"DOID:1712","aortic valve stenosis","1/425","29/8007",0.79494649100357,0.998918125996275,0.890220867855899,"MUC16",1
"DOID:0080006","bone development disease","2/425","55/8007",0.797673710336014,0.998918125996275,0.890220867855899,"FGFR2/COL9A2",2
"DOID:9588","encephalitis","2/425","55/8007",0.797673710336014,0.998918125996275,0.890220867855899,"SAT1/RIMS2",2
"DOID:3526","cerebral infarction","2/425","56/8007",0.805833759590786,0.998918125996275,0.890220867855899,"KCNN4/PDE4D",2
"DOID:3947","adrenal gland hyperfunction","1/425","30/8007",0.80586999831411,0.998918125996275,0.890220867855899,"FGF19",1
"DOID:11394","adult respiratory distress syndrome","1/425","31/8007",0.816212890468617,0.998918125996275,0.890220867855899,"PI3",1
"DOID:319","spinal cord disease","1/425","31/8007",0.816212890468617,0.998918125996275,0.890220867855899,"SLC2A1",1
"DOID:1168","familial hyperlipidemia","3/425","82/8007",0.818343102670922,0.998918125996275,0.890220867855899,"CP/ESR1/CRABP2",3
"DOID:3612","retinitis","3/425","82/8007",0.818343102670922,0.998918125996275,0.890220867855899,"PROM1/CERKL/RP1",3
"DOID:1602","lymphadenitis","2/425","58/8007",0.821281003199089,0.998918125996275,0.890220867855899,"S100A8/S100A9",2
"DOID:9942","lymph node disease","2/425","58/8007",0.821281003199089,0.998918125996275,0.890220867855899,"S100A8/S100A9",2
"DOID:13375","temporal arteritis","1/425","32/8007",0.826005959870678,0.998918125996275,0.890220867855899,"CXCL5",1
"DOID:525","central nervous system vasculitis","1/425","32/8007",0.826005959870678,0.998918125996275,0.890220867855899,"CXCL5",1
"DOID:1428","endocrine pancreas disease","2/425","59/8007",0.82858435877685,0.998918125996275,0.890220867855899,"UCP2/SLC2A1",2
"DOID:1227","neutropenia","1/425","33/8007",0.835278369532742,0.998918125996275,0.890220867855899,"BIRC5",1
"DOID:12987","agranulocytosis","1/425","33/8007",0.835278369532742,0.998918125996275,0.890220867855899,"BIRC5",1
"DOID:2228","thrombocytosis","1/425","33/8007",0.835278369532742,0.998918125996275,0.890220867855899,"LCN2",1
"DOID:3355","fibrosarcoma","1/425","33/8007",0.835278369532742,0.998918125996275,0.890220867855899,"CD9",1
"DOID:11260","rabies","2/425","60/8007",0.835618241281746,0.998918125996275,0.890220867855899,"MMP7/CACNA1E",2
"DOID:48","male reproductive system disease","5/425","133/8007",0.841958327261576,0.998918125996275,0.890220867855899,"KLK11/CDH1/ESR1/AKR1C3/PRSS21",5
"DOID:1067","open-angle glaucoma","2/425","61/8007",0.842390599506702,0.998918125996275,0.890220867855899,"CDH1/ESR1",2
"DOID:10223","dermatomyositis","1/425","34/8007",0.844057739102416,0.998918125996275,0.890220867855899,"MMP7",1
"DOID:11981","morbid obesity","1/425","34/8007",0.844057739102416,0.998918125996275,0.890220867855899,"ESR1",1
"DOID:1927","sphingolipidosis","1/425","34/8007",0.844057739102416,0.998918125996275,0.890220867855899,"XBP1",1
"DOID:62","aortic valve disease","1/425","34/8007",0.844057739102416,0.998918125996275,0.890220867855899,"MUC16",1
"DOID:0060040","pervasive developmental disorder","8/425","201/8007",0.844648821781673,0.998918125996275,0.890220867855899,"GAD1/DLX5/TAC1/DLX6/GRIA2/PCDH19/NTS/TPH1",8
"DOID:3454","brain infarction","2/425","62/8007",0.84890929970493,0.998918125996275,0.890220867855899,"KCNN4/PDE4D",2
"DOID:10316","pneumoconiosis","1/425","35/8007",0.852370226357085,0.998918125996275,0.890220867855899,"SCGB1A1",1
"DOID:1272","telangiectasis","1/425","35/8007",0.852370226357085,0.998918125996275,0.890220867855899,"BIK",1
"DOID:13207","proliferative diabetic retinopathy","1/425","35/8007",0.852370226357085,0.998918125996275,0.890220867855899,"UCP2",1
"DOID:1923","sex differentiation disease","1/425","35/8007",0.852370226357085,0.998918125996275,0.890220867855899,"AKR1C3",1
"DOID:0060058","lymphoma","3/425","88/8007",0.853583206118319,0.998918125996275,0.890220867855899,"CXCL13/PBK/BIRC5",3
"DOID:9970","obesity","13/425","313/8007",0.856502272249379,0.998918125996275,0.890220867855899,"FGF19/ESR1/UCP2/CXCL5/CYP2J2/LCN2/NQO1/SERPINA6/AZGP1/S100A8/SLC2A1/XBP1/S100A9",13
"DOID:303","substance-related disorder","2/425","64/8007",0.861216698275675,0.998918125996275,0.890220867855899,"SLC6A2/GRIN3B",2
"DOID:643","progressive multifocal leukoencephalopathy","2/425","64/8007",0.861216698275675,0.998918125996275,0.890220867855899,"TP73/BIRC5",2
"DOID:6000","congestive heart failure","9/425","229/8007",0.865522370435606,0.998918125996275,0.890220867855899,"S100A1/PROM1/CHGA/UCP2/CKMT1B/LCN2/SLC2A1/LRG1/MUC16",9
"DOID:3405","histiocytosis","1/425","37/8007",0.867692334818765,0.998918125996275,0.890220867855899,"MKI67",1
"DOID:3388","periodontal disease","5/425","139/8007",0.868037871904766,0.998918125996275,0.890220867855899,"PROM1/DEFB1/ESR1/CCL20/S100A8",5
"DOID:6713","cerebrovascular disease","4/425","116/8007",0.871136197004746,0.998918125996275,0.890220867855899,"CRABP1/KCNN4/ESR1/PDE4D",4
"DOID:3146","lipid metabolism disorder","3/425","92/8007",0.873630419088124,0.998918125996275,0.890220867855899,"CP/ESR1/CRABP2",3
"DOID:3713","ovary adenocarcinoma","1/425","38/8007",0.874747636914377,0.998918125996275,0.890220867855899,"CDH1",1
"DOID:883","parasitic helminthiasis infectious disease","1/425","38/8007",0.874747636914377,0.998918125996275,0.890220867855899,"KRT18",1
"DOID:4989","pancreatitis","4/425","117/8007",0.875367837540843,0.998918125996275,0.890220867855899,"CHGA/DEFB1/CXCL10/LCN2",4
"DOID:12306","vitiligo","2/425","67/8007",0.877965890541401,0.998918125996275,0.890220867855899,"ESR1/XBP1",2
"DOID:1883","hepatitis C","9/425","233/8007",0.878039626389905,0.998918125996275,0.890220867855899,"CXCL10/MKI67/KRT18/LCN2/PDZK1/IDO1/VIPR1/CXCL11/PLK1",9
"DOID:12930","dilated cardiomyopathy","3/425","93/8007",0.878247442622092,0.998918125996275,0.890220867855899,"CXADR/CHGA/ESR1",3
"DOID:654","overnutrition","13/425","322/8007",0.881243500617133,0.998918125996275,0.890220867855899,"FGF19/ESR1/UCP2/CXCL5/CYP2J2/LCN2/NQO1/SERPINA6/AZGP1/S100A8/SLC2A1/XBP1/S100A9",13
"DOID:3324","mood disorder","7/425","189/8007",0.881540782203274,0.998918125996275,0.890220867855899,"SLC6A2/ESR1/TRPV6/NPAS3/SYN2/XBP1/PPP1R1B",7
"DOID:1588","thrombocytopenia","2/425","68/8007",0.883121694665737,0.998918125996275,0.890220867855899,"CP/CXCL10",2
"DOID:6590","spondylitis","2/425","68/8007",0.883121694665737,0.998918125996275,0.890220867855899,"MSX2/DKK1",2
"DOID:0060041","autism spectrum disorder","7/425","190/8007",0.884739426599788,0.998918125996275,0.890220867855899,"GAD1/TAC1/DLX6/GRIA2/PCDH19/NTS/TPH1",7
"DOID:12849","autistic disorder","7/425","190/8007",0.884739426599788,0.998918125996275,0.890220867855899,"GAD1/TAC1/DLX6/GRIA2/PCDH19/NTS/TPH1",7
"DOID:127","leiomyoma","3/425","95/8007",0.887034933384979,0.998918125996275,0.890220867855899,"MUC1/ESR1/PTTG1",3
"DOID:9452","fatty liver disease","3/425","95/8007",0.887034933384979,0.998918125996275,0.890220867855899,"FGF19/KRT18/BIRC5",3
"DOID:824","periodontitis","4/425","120/8007",0.887350509978422,0.998918125996275,0.890220867855899,"PROM1/DEFB1/ESR1/S100A8",4
"DOID:1279","ocular motility disease","1/425","40/8007",0.887752012442564,0.998918125996275,0.890220867855899,"PAX6",1
"DOID:7147","ankylosing spondylitis","2/425","69/8007",0.888075643184195,0.998918125996275,0.890220867855899,"MSX2/DKK1",2
"DOID:2218","blood platelet disease","3/425","96/8007",0.891213046761103,0.998918125996275,0.890220867855899,"CP/CXCL10/LCN2",3
"DOID:9352","type 2 diabetes mellitus","8/425","215/8007",0.891273533449029,0.998918125996275,0.890220867855899,"VWA2/SLC6A2/RORC/LRP2/CACNA1E/S100A8/XBP1/S100A9",8
"DOID:3068","glioblastoma multiforme","2/425","70/8007",0.8928345758221,0.998918125996275,0.890220867855899,"PROM1/BIRC5",2
"DOID:784","chronic kidney failure","2/425","70/8007",0.8928345758221,0.998918125996275,0.890220867855899,"CHGA/ESR1",2
"DOID:1024","leprosy","1/425","41/8007",0.893739886763125,0.998918125996275,0.890220867855899,"DEFB1",1
"DOID:1441","spinocerebellar ataxia","1/425","41/8007",0.893739886763125,0.998918125996275,0.890220867855899,"SPTBN2",1
"DOID:2021","placenta cancer","1/425","41/8007",0.893739886763125,0.998918125996275,0.890220867855899,"DKK1",1
"DOID:2478","spinocerebellar degeneration","1/425","41/8007",0.893739886763125,0.998918125996275,0.890220867855899,"SPTBN2",1
"DOID:3594","choriocarcinoma","1/425","41/8007",0.893739886763125,0.998918125996275,0.890220867855899,"DKK1",1
"DOID:8432","polycythemia","1/425","41/8007",0.893739886763125,0.998918125996275,0.890220867855899,"LCN2",1
"DOID:10825","essential hypertension","4/425","122/8007",0.894770405212221,0.998918125996275,0.890220867855899,"CHGA/SCNN1G/CYP2J2/TPH1",4
"DOID:1205","hypersensitivity reaction type I disease","4/425","122/8007",0.894770405212221,0.998918125996275,0.890220867855899,"DEFB1/ENPP3/ESR1/FLG",4
"DOID:865","vasculitis","4/425","122/8007",0.894770405212221,0.998918125996275,0.890220867855899,"CXCL13/RORC/CXCL5/S100A9",4
"DOID:3326","purpura","2/425","71/8007",0.897405176894102,0.998918125996275,0.890220867855899,"CP/SCGB1A1",2
"DOID:9835","refractive error","2/425","71/8007",0.897405176894102,0.998918125996275,0.890220867855899,"PAX6/COL2A1",2
"DOID:26","pancreas disease","6/425","171/8007",0.897805434089891,0.998918125996275,0.890220867855899,"CHGA/DEFB1/CXCL10/UCP2/LCN2/SLC2A1",6
"DOID:0060095","uterine benign neoplasm","1/425","43/8007",0.904776425751829,0.998918125996275,0.890220867855899,"ESR1",1
"DOID:13223","uterine fibroid","1/425","43/8007",0.904776425751829,0.998918125996275,0.890220867855899,"ESR1",1
"DOID:4961","bone marrow disease","1/425","43/8007",0.904776425751829,0.998918125996275,0.890220867855899,"LCN2",1
"DOID:6364","migraine","2/425","73/8007",0.906007328460603,0.998918125996275,0.890220867855899,"ESR1/TPH1",2
"DOID:1059","intellectual disability","5/425","150/8007",0.90647157886093,0.998918125996275,0.890220867855899,"BSX/CA8/SIM2/PCDH19/PRODH",5
"DOID:1398","parasitic infectious disease","5/425","150/8007",0.90647157886093,0.998918125996275,0.890220867855899,"TAC1/CXCL10/KRT18/BIRC5/COL2A1",5
"DOID:1040","chronic lymphocytic leukemia","8/425","221/8007",0.907354276978314,0.998918125996275,0.890220867855899,"CXCL13/SLC29A2/KCNRG/MKI67/GRB7/DKK1/PDE4D/PMAIP1",8
"DOID:2355","anemia","9/425","244/8007",0.907631146499005,0.998918125996275,0.890220867855899,"TP73/UBE2T/LCN2/NQO1/SLC2A1/BCL11A/C4BPA/CFB/UGT2B7",9
"DOID:28","endocrine system disease","16/425","399/8007",0.907737010913804,0.998918125996275,0.890220867855899,"TRH/PAX8/CHGA/DEFB1/CXCL10/FGF19/AKR1C3/UCP2/KRT19/LRP2/LCN2/CXCL11/GABRG3/SLC2A1/FGF8/FGF9",16
"DOID:10603","glucose intolerance","1/425","44/8007",0.90985804542228,0.998918125996275,0.890220867855899,"CFB",1
"DOID:574","peripheral nervous system disease","2/425","74/8007",0.91005144889977,0.998918125996275,0.890220867855899,"TAC1/ESR1",2
"DOID:75","lymphatic system disease","3/425","101/8007",0.910096503961942,0.998918125996275,0.890220867855899,"MKI67/S100A8/S100A9",3
"DOID:0060086","female reproductive organ benign neoplasm","1/425","45/8007",0.914669087830358,0.998918125996275,0.890220867855899,"ESR1",1
"DOID:0080008","ischemic bone disease","1/425","45/8007",0.914669087830358,0.998918125996275,0.890220867855899,"DKK1",1
"DOID:374","nutrition disease","13/425","338/8007",0.916717634045216,0.998918125996275,0.890220867855899,"FGF19/ESR1/UCP2/CXCL5/CYP2J2/LCN2/NQO1/SERPINA6/AZGP1/S100A8/SLC2A1/XBP1/S100A9",13
"DOID:104","bacterial infectious disease","10/425","271/8007",0.917186555922628,0.998918125996275,0.890220867855899,"DEFB1/CXCL10/MUC1/CEACAM1/PLA2G4A/CCL20/LCN2/IDO1/CXCL11/MUC16",10
"DOID:9455","lipid storage disease","4/425","130/8007",0.92032717754281,0.998918125996275,0.890220867855899,"FGF19/KRT18/BIRC5/XBP1",4
"DOID:332","amyotrophic lateral sclerosis","5/425","155/8007",0.920451385013371,0.998918125996275,0.890220867855899,"CHGA/CP/GRIA2/GRIN3B/CACNA1S",5
"DOID:6432","pulmonary hypertension","2/425","77/8007",0.921227999791505,0.998918125996275,0.890220867855899,"BMP7/ARG2",2
"DOID:615","leukopenia","1/425","47/8007",0.923536179077565,0.998918125996275,0.890220867855899,"BIRC5",1
"DOID:9973","substance dependence","1/425","47/8007",0.923536179077565,0.998918125996275,0.890220867855899,"SLC6A2",1
"DOID:2237","hepatitis","17/425","431/8007",0.925564182736736,0.998918125996275,0.890220867855899,"CXCL10/ESR1/BMP7/CEACAM1/CCL20/MKI67/KRT18/LCN2/PDZK1/IDO1/VIPR1/CXCL11/BIRC5/MUC16/ORM1/AMBP/PLK1",17
"DOID:2921","glomerulonephritis","2/425","79/8007",0.927939286151969,0.998918125996275,0.890220867855899,"LCN2/IL5RA",2
"DOID:10579","leukodystrophy","1/425","49/8007",0.931483795624668,0.998918125996275,0.890220867855899,"LMNB1",1
"DOID:3328","temporal lobe epilepsy","1/425","49/8007",0.931483795624668,0.998918125996275,0.890220867855899,"GRIA2",1
"DOID:5844","myocardial infarction","10/425","279/8007",0.932568137397381,0.998918125996275,0.890220867855899,"PI3/PROM1/TNNT1/KCNN4/ESR1/KRT18/CYP2J2/LCN2/S100A9/MB",10
"DOID:633","myositis","2/425","81/8007",0.934108748287793,0.998918125996275,0.890220867855899,"MMP7/S100A8",2
"DOID:0060031","autoimmune disease of gastrointestinal tract","3/425","109/8007",0.934207028769195,0.998918125996275,0.890220867855899,"CLDN3/UBD/KRT18",3
"DOID:1686","glaucoma","3/425","109/8007",0.934207028769195,0.998918125996275,0.890220867855899,"FGFR2/CDH1/ESR1",3
"DOID:1070","primary open angle glaucoma","1/425","50/8007",0.935142929434609,0.998918125996275,0.890220867855899,"CDH1",1
"DOID:3376","bone osteosarcoma","1/425","50/8007",0.935142929434609,0.998918125996275,0.890220867855899,"MKI67",1
"DOID:231","motor neuron disease","6/425","187/8007",0.937379957605772,0.998918125996275,0.890220867855899,"CHGA/CP/GRIA2/GRIN3B/CACNA1S/COL17A1",6
"DOID:4079","heart valve disease","1/425","51/8007",0.938607081123725,0.998918125996275,0.890220867855899,"MUC16",1
"DOID:8567","Hodgkin's lymphoma","1/425","51/8007",0.938607081123725,0.998918125996275,0.890220867855899,"BIRC5",1
"DOID:8466","retinal degeneration","9/425","261/8007",0.941373385981388,0.998918125996275,0.890220867855899,"FGFR2/PROM1/CDH1/CERKL/ESR1/MMP7/KLF5/RP1/CFB",9
"DOID:0050338","primary bacterial infectious disease","8/425","238/8007",0.942382936857417,0.998918125996275,0.890220867855899,"DEFB1/CXCL10/CEACAM1/CCL20/LCN2/IDO1/CXCL11/MUC16",8
"DOID:13241","Behcet's disease","2/425","86/8007",0.947418341256533,0.998918125996275,0.890220867855899,"CXCL13/RORC",2
"DOID:2018","hyperinsulinism","1/425","54/8007",0.947930589855429,0.998918125996275,0.890220867855899,"UCP2",1
"DOID:1184","nephrotic syndrome","1/425","55/8007",0.950713124661344,0.998918125996275,0.890220867855899,"MUC16",1
"DOID:0060038","specific developmental disorder","7/425","220/8007",0.951986667265331,0.998918125996275,0.890220867855899,"BSX/CA8/SLC6A2/SIM2/PCDH19/PRODH/TPH1",7
"DOID:612","primary immunodeficiency disease","6/425","196/8007",0.953073531754123,0.998918125996275,0.890220867855899,"EPCAM/PROM1/HOXB4/RAP1GAP/MECOM/IDO1",6
"DOID:2043","hepatitis B","6/425","197/8007",0.954578463483797,0.998918125996275,0.890220867855899,"CXCL10/ESR1/BMP7/KRT18/BIRC5/ORM1",6
"DOID:2527","nephrosis","1/425","57/8007",0.955840993797444,0.998918125996275,0.890220867855899,"MUC16",1
"DOID:10608","celiac disease","2/425","91/8007",0.958144159308643,0.998918125996275,0.890220867855899,"CLDN3/UBD",2
"DOID:1682","congenital heart disease","1/425","58/8007",0.958201695386889,0.998918125996275,0.890220867855899,"TBX20",1
"DOID:2462","retinal vascular disease","1/425","58/8007",0.958201695386889,0.998918125996275,0.890220867855899,"UCP2",1
"DOID:8947","diabetic retinopathy","1/425","58/8007",0.958201695386889,0.998918125996275,0.890220867855899,"UCP2",1
"DOID:9408","acute myocardial infarction","2/425","92/8007",0.960022242424654,0.998918125996275,0.890220867855899,"PROM1/KRT18",2
"DOID:9500","leukocyte disease","2/425","92/8007",0.960022242424654,0.998918125996275,0.890220867855899,"MUC1/BIRC5",2
"DOID:2234","focal epilepsy","1/425","59/8007",0.960436477052579,0.998918125996275,0.890220867855899,"GRIA2",1
"DOID:3211","lysosomal storage disease","4/425","150/8007",0.961643983458054,0.998918125996275,0.890220867855899,"FGF19/KRT18/BIRC5/XBP1",4
"DOID:11714","gestational diabetes","1/425","60/8007",0.962552040370729,0.998918125996275,0.890220867855899,"SLC2A1",1
"DOID:3393","coronary artery disease","12/425","348/8007",0.962799850695711,0.998918125996275,0.890220867855899,"PI3/PROM1/TNNT1/KCNN4/CXCL10/ESR1/KRT18/CYP2J2/LCN2/NQO1/S100A9/MB",12
"DOID:2213","hemorrhagic disease","4/425","152/8007",0.964436791580825,0.998918125996275,0.890220867855899,"CP/CXCL10/SCGB1A1/LCN2",4
"DOID:0060037","developmental disorder of mental health","13/425","373/8007",0.964492062732578,0.998918125996275,0.890220867855899,"GAD1/DLX5/BSX/CA8/SLC6A2/TAC1/DLX6/GRIA2/SIM2/PCDH19/PRODH/NTS/TPH1",13
"DOID:14250","Down syndrome","1/425","61/8007",0.964554731051796,0.998918125996275,0.890220867855899,"SIM2",1
"DOID:341","peripheral vascular disease","1/425","61/8007",0.964554731051796,0.998918125996275,0.890220867855899,"BIK",1
"DOID:423","myopathy","14/425","398/8007",0.966194587246948,0.998918125996275,0.890220867855899,"CXADR/PROM1/TNNT1/CHGA/CXCL10/ESR1/MMP7/SPATA18/LCN2/CACNA1S/S100A8/BIRC5/COL9A2/MUC16",14
"DOID:66","muscle tissue disease","14/425","398/8007",0.966194587246948,0.998918125996275,0.890220867855899,"CXADR/PROM1/TNNT1/CHGA/CXCL10/ESR1/MMP7/SPATA18/LCN2/CACNA1S/S100A8/BIRC5/COL9A2/MUC16",14
"DOID:7998","hyperthyroidism","2/425","96/8007",0.96675827947284,0.998918125996275,0.890220867855899,"CHGA/CXCL10",2
"DOID:2789","parasitic protozoa infectious disease","3/425","127/8007",0.968309163649402,0.998918125996275,0.890220867855899,"TAC1/CXCL10/COL2A1",3
"DOID:655","inherited metabolic disorder","11/425","331/8007",0.968786134866705,0.998918125996275,0.890220867855899,"TRH/UGT8/CP/FGF19/ESR1/CRABP2/KRT18/CACNA1S/BIRC5/XBP1/MB",11
"DOID:399","tuberculosis","4/425","156/8007",0.969465158580646,0.998918125996275,0.890220867855899,"CXCL10/CCL20/LCN2/MUC16",4
"DOID:750","peptic ulcer disease","1/425","66/8007",0.973074577999757,0.998918125996275,0.890220867855899,"POU5F1",1
"DOID:14330","Parkinson's disease","5/425","187/8007",0.973663296626657,0.998918125996275,0.890220867855899,"GAD1/CP/ESR1/NQO1/FGF20",5
"DOID:0080000","muscular disease","14/425","408/8007",0.973832276369208,0.998918125996275,0.890220867855899,"CXADR/PROM1/TNNT1/CHGA/CXCL10/ESR1/MMP7/SPATA18/LCN2/CACNA1S/S100A8/BIRC5/COL9A2/MUC16",14
"DOID:1575","rheumatic disease","5/425","188/8007",0.974601400929603,0.998918125996275,0.890220867855899,"CXCL10/MUC1/ESR1/BIRC5/PMAIP1",5
"DOID:418","systemic scleroderma","5/425","188/8007",0.974601400929603,0.998918125996275,0.890220867855899,"CXCL10/MUC1/ESR1/BIRC5/PMAIP1",5
"DOID:419","scleroderma","5/425","188/8007",0.974601400929603,0.998918125996275,0.890220867855899,"CXCL10/MUC1/ESR1/BIRC5/PMAIP1",5
"DOID:9884","muscular dystrophy","2/425","103/8007",0.976008393836758,0.998918125996275,0.890220867855899,"PROM1/SPATA18",2
"DOID:5656","cranial nerve disease","1/425","70/8007",0.978393209568511,0.998918125996275,0.890220867855899,"PAX6",1
"DOID:0050890","synucleinopathy","6/425","220/8007",0.97911921429715,0.998918125996275,0.890220867855899,"GAD1/CP/ESR1/NQO1/FGF20/PPP1R1B",6
"DOID:12336","male infertility","2/425","108/8007",0.981037170199344,0.998918125996275,0.890220867855899,"ESR1/PRSS21",2
"DOID:12449","aplastic anemia","1/425","74/8007",0.982663218506337,0.998918125996275,0.890220867855899,"NQO1",1
"DOID:854","collagen disease","5/425","201/8007",0.984281613598474,0.998918125996275,0.890220867855899,"CXCL10/MUC1/ESR1/BIRC5/PMAIP1",5
"DOID:5679","retinal disease","11/425","358/8007",0.985628598502935,0.998918125996275,0.890220867855899,"FGFR2/PROM1/CDH1/CERKL/ESR1/MMP7/KLF5/UCP2/RP1/COL2A1/CFB",11
"DOID:10952","nephritis","3/425","147/8007",0.98644228736007,0.998918125996275,0.890220867855899,"CXCL13/LCN2/IL5RA",3
"DOID:12361","Graves' disease","1/425","80/8007",0.98754215774268,0.998918125996275,0.890220867855899,"CXCL10",1
"DOID:1307","dementia","3/425","150/8007",0.988097992587513,0.998918125996275,0.890220867855899,"TAC1/ESR1/KLK7",3
"DOID:1247","blood coagulation disease","4/425","180/8007",0.988147406478773,0.998918125996275,0.890220867855899,"CP/CXCL10/SCGB1A1/LCN2",4
"DOID:9074","systemic lupus erythematosus","1/425","81/8007",0.988210075360866,0.998918125996275,0.890220867855899,"LCN2",1
"DOID:0060005","autoimmune disease of endocrine system","1/425","87/8007",0.991530553610575,0.998918125996275,0.890220867855899,"CXCL10",1
"DOID:8857","lupus erythematosus","1/425","87/8007",0.991530553610575,0.998918125996275,0.890220867855899,"LCN2",1
"DOID:11612","polycystic ovary syndrome","3/425","166/8007",0.994123450366754,0.998918125996275,0.890220867855899,"ESR1/AKR1C3/LCN2",3
"DOID:326","ischemia","4/425","204/8007",0.995608378300225,0.998918125996275,0.890220867855899,"TAC1/ESRRG/F11R/SLC5A1",4
"DOID:74","hematopoietic system disease","14/425","474/8007",0.995921250091261,0.998918125996275,0.890220867855899,"CP/TP73/CXCL10/MUC1/UBE2T/SCGB1A1/LCN2/NQO1/SLC2A1/BIRC5/BCL11A/C4BPA/CFB/UGT2B7",14
"DOID:12365","malaria","1/425","103/8007",0.996498737409013,0.998918125996275,0.890220867855899,"CXCL10",1
"DOID:10652","Alzheimer's disease","12/425","430/8007",0.99663563643,0.998918125996275,0.890220867855899,"CHGA/CP/TP73/ESR1/CDK1/LRP2/CKB/STOX1/NTS/DKK1/TPH1/S100A9",12
"DOID:680","tauopathy","12/425","434/8007",0.997040972423761,0.998918125996275,0.890220867855899,"CHGA/CP/TP73/ESR1/CDK1/LRP2/CKB/STOX1/NTS/DKK1/TPH1/S100A9",12
"DOID:1936","atherosclerosis","8/425","344/8007",0.998306973378736,0.998918125996275,0.890220867855899,"CDH1/ESR1/UCP2/ARG2/S100A8/PDE4D/XBP1/S100A9",8
"DOID:2348","arteriosclerotic cardiovascular disease","8/425","345/8007",0.998368476438362,0.998918125996275,0.890220867855899,"CDH1/ESR1/UCP2/ARG2/S100A8/PDE4D/XBP1/S100A9",8
"DOID:2349","arteriosclerosis","8/425","356/8007",0.998918125996275,0.998918125996275,0.890220867855899,"CDH1/ESR1/UCP2/ARG2/S100A8/PDE4D/XBP1/S100A9",8
